IPs,Hostnames,Aggregated Hostname,Owner,IP Geolocation,Cert Geolocations,Packets,Bytes,TxPackets,TxBytes,RxPackets,RxBytes,Files,1e100.net,*,,,
142.251.168.188;172.253.62.101;172.253.62.139;172.253.115.100;172.253.122.100;172.253.122.113;172.253.122.139;172.253.63.100;172.253.63.102;172.253.63.113;142.250.31.101;142.251.111.100;142.251.111.138;142.251.16.113;142.250.64.78;142.251.163.101;142.251.167.100;142.251.167.101;142.251.167.113;142.251.167.139;142.251.111.94;172.253.122.94;172.253.63.94;142.250.31.94;142.251.35.163;2607:f8b0:4004:c07::68;2607:f8b0:4004:c07::5e;2607:f8b0:4004:c06::67;2607:f8b0:4004:c06::68;2607:f8b0:4004:c06::69;2607:f8b0:4004:c06::6a;2607:f8b0:4004:c06::93;2607:f8b0:4004:c06::63;2607:f8b0:4004:c09::68;2607:f8b0:4004:c09::69;2607:f8b0:4004:c0b::69;2607:f8b0:4004:c0b::6a;2607:f8b0:4004:c19::68;2607:f8b0:4004:c17::67;2607:f8b0:4004:c17::68;2607:f8b0:4004:c17::69;2607:f8b0:4004:c17::5e;2607:f8b0:4004:c1b::67;2607:f8b0:4004:c1b::69;2607:f8b0:4004:c1b::93;2607:f8b0:4004:c1b::5e;2607:f8b0:4004:c1b::63;2607:f8b0:4004:c1d::5e;2607:f8b0:4004:c1d::63;2607:f8b0:4004:c09::5e;2607:f8b0:4004:c08::5e;2607:f8b0:4004:c0b::5e,wh-in-f188.1e100.net.;bc-in-f101.1e100.net.;bc-in-f139.1e100.net.;bg-in-f100.1e100.net.;bh-in-f100.1e100.net.;bh-in-f113.1e100.net.;bh-in-f139.1e100.net.;bi-in-f100.1e100.net.;bi-in-f102.1e100.net.;bi-in-f113.1e100.net.;bj-in-f101.1e100.net.;bk-in-f100.1e100.net.;bk-in-f138.1e100.net.;bl-in-f113.1e100.net.;lga34s30-in-f14.1e100.net.;wv-in-f101.1e100.net.;ww-in-f100.1e100.net.;ww-in-f101.1e100.net.;ww-in-f113.1e100.net.;ww-in-f139.1e100.net.;bk-in-f94.1e100.net.;bh-in-f94.1e100.net.;bi-in-f94.1e100.net.;bj-in-f94.1e100.net.;lga25s78-in-f3.1e100.net.;bc-in-f104.1e100.net.;bc-in-f94.1e100.net.;bg-in-f103.1e100.net.;bg-in-f104.1e100.net.;bg-in-f105.1e100.net.;bg-in-f106.1e100.net.;bg-in-f147.1e100.net.;bg-in-f99.1e100.net.;bh-in-f104.1e100.net.;bh-in-f105.1e100.net.;bj-in-f105.1e100.net.;bj-in-f106.1e100.net.;bk-in-f104.1e100.net.;bl-in-f103.1e100.net.;bl-in-f104.1e100.net.;bl-in-f105.1e100.net.;bl-in-f94.1e100.net.;wv-in-f103.1e100.net.;wv-in-f105.1e100.net.;wv-in-f147.1e100.net.;wv-in-f94.1e100.net.;wv-in-f99.1e100.net.;ww-in-f94.1e100.net.;ww-in-f99.1e100.net.,*.1e100.net,Google,United States,None,22823,2233879,13515,1309434,9308,924445,EU-non-huebridge-unified-trimmed-split-SonyTV-filtered-with-DNS-endpoints;US2-MagicLeap-trimmed-split-MagicLeap-filtered-with-DNS-endpoints;US2-MetaQuest1-trimmed-split-MetaQuest1-filtered-with-DNS-endpoints;US2-MetaQuest2-trimmed-split-MetaQuest2-filtered-with-DNS-endpoints;US2-MetaQuest1-trimmed-split-MetaQuest1-filtered-with-DNS-endpoints-ipv6,a2z.com,*,,,
44.217.207.10;34.234.43.44;54.208.71.163;34.194.7.170;54.235.163.0;52.1.240.84;3.218.90.0;3.217.97.135;3.220.40.72;3.208.181.173;3.232.189.105;54.88.199.193;44.203.165.173;44.196.227.45;3.211.201.174;3.231.122.174;54.242.215.139;34.202.171.64;34.204.163.247;44.210.35.174;44.194.105.178;44.217.198.152;44.194.52.155;3.219.130.117;52.44.107.176;54.82.216.34;44.214.246.84;54.172.179.241;52.23.119.97;107.23.27.59;54.175.194.86;34.200.77.229;34.192.115.84;54.227.40.147;34.195.136.47;52.22.128.86;3.226.59.95;3.228.31.47;34.206.132.85;52.6.46.183;3.214.91.23;3.214.52.226;3.82.137.139;23.22.199.21;23.21.71.221;52.207.128.220;44.218.172.138;3.223.101.230;44.213.25.251;23.20.118.44;34.196.132.246;44.196.217.251;54.84.112.195;44.195.9.162;54.84.164.188;3.94.75.167;54.174.80.13;54.84.196.116;52.22.236.218;54.209.33.239;34.236.199.187;18.205.51.15;34.196.144.216;54.204.105.155;34.237.227.20;23.20.90.250;54.175.201.20;34.234.1.32;18.215.42.233;34.192.183.83;52.86.75.244;107.23.254.117;3.225.159.245;34.199.205.44;44.209.237.6;3.220.58.223;52.22.140.195;23.22.68.51;3.213.240.177;44.205.200.128;44.193.107.34;34.193.128.46;34.230.181.204;44.209.165.138;52.206.233.133;54.210.199.36;52.86.177.224;3.225.242.163;174.129.159.116;54.85.169.222;18.205.252.91;52.72.185.67;44.215.233.25;18.208.75.133;54.87.171.69;3.208.180.92;3.225.196.128;52.20.38.187;34.231.14.173;34.224.55.49;3.208.127.113;107.22.233.255;54.210.153.138;54.91.3.155;184.72.98.152;107.21.124.128;50.16.128.54;34.238.149.207;3.227.154.69;34.195.140.77;3.218.103.226;3.228.253.208;54.175.87.205;44.206.75.94;18.235.205.49;44.218.101.248;34.233.82.160;52.5.20.68;50.17.116.107;44.217.70.105;75.101.254.161;35.171.72.122;3.222.71.134;3.212.241.87;18.208.88.131;72.44.62.198;18.205.100.7;52.7.205.185;3.218.205.64;52.4.158.24;54.174.80.13;3.225.242.163;3.232.13.221;3.213.195.62;23.20.118.44;54.86.203.154;52.203.138.223;52.1.173.208;54.205.113.109;100.26.14.217;54.84.214.32;44.207.176.59;54.91.3.155;54.235.158.5;44.203.165.173;3.222.86.36;34.198.66.232;34.230.181.204;52.4.100.208;34.199.95.114;35.153.45.34;50.16.101.24;35.168.38.187;50.16.128.54;23.20.243.43;44.213.25.251;18.205.85.213;34.192.115.84;18.211.103.112;23.20.115.129;3.81.247.209;54.209.4.131;54.173.198.118;3.212.241.87;3.220.58.223;54.88.199.193;52.207.128.220;23.22.68.51;52.203.21.18;52.72.185.78;3.211.164.164;35.171.72.122;34.226.182.0;18.208.88.131;107.23.108.62;3.226.173.58;3.222.71.134;23.22.199.21;3.82.137.139;52.204.137.63;52.21.200.178;3.224.93.55;107.23.153.61;3.217.74.251;18.214.77.14;34.195.136.47;3.229.211.131;54.235.163.0;3.219.130.117;34.228.94.124;44.217.141.182;34.224.55.49;44.205.200.128;52.214.227.89;52.16.104.93;18.203.57.224;52.1.13.168;35.168.107.239;52.7.177.117;3.223.143.190;34.233.92.120;3.221.133.8;3.228.250.146;52.72.230.1;3.232.74.135;18.213.161.240;23.21.145.114;3.220.143.138;54.224.227.209;54.243.177.4;52.0.132.2;34.195.75.243;174.129.99.38;54.156.53.87;52.6.74.78;107.22.14.153;54.80.106.159;23.21.206.89;52.206.63.5;34.237.132.195;3.215.39.39;34.231.189.116;3.216.253.228;34.192.220.80;18.207.54.203;52.44.167.205;34.204.243.65;54.162.190.244;18.235.197.135;52.73.91.15;52.20.35.77;3.212.135.104;52.72.103.43;34.197.2.60;54.197.158.192;35.171.131.47;34.198.118.136;34.192.16.177;54.172.134.242;107.22.99.156;35.170.106.229;3.208.249.246;34.192.13.52;3.217.87.82;52.87.113.159;34.202.218.137;54.89.69.55;34.202.142.223;52.205.8.123;3.217.242.198;54.236.164.208;75.101.214.154;54.235.196.32;34.204.112.11;44.210.26.46;54.80.246.0;34.237.168.2;54.210.218.16;35.175.15.29;18.211.16.10;34.194.133.227;34.232.197.232;52.21.73.245;35.153.59.65;3.216.15.108;52.202.137.76;34.233.130.158;34.192.221.115;44.213.182.62;3.230.107.109;34.196.11.147;34.239.217.28;54.161.161.91;3.226.110.1;44.198.222.141;54.237.184.2;34.206.214.211;52.54.58.187;35.172.38.131;52.204.162.249;35.170.129.4;34.197.162.81;34.227.237.177;54.173.158.101;34.234.196.234;18.210.212.45;3.227.30.202;184.73.106.63;18.232.22.81;3.209.117.130;54.196.177.111;54.210.193.118;34.195.11.125;54.84.118.144;34.237.59.67;52.20.194.35;44.198.237.39;54.83.254.153;52.205.217.56;54.157.128.18;54.86.184.230;34.197.224.184;34.225.229.108;107.22.28.41;50.19.73.171;54.210.56.174;18.213.189.227;44.215.64.21;52.201.102.113;34.204.131.233;35.168.204.160;18.235.119.188;52.3.52.176;54.92.151.136;3.212.187.249;3.230.111.127;54.197.49.58;34.237.125.195;54.211.181.218,A32DOYMUN6DTXA.us-east-1.prod.service.minerva.devices.a2z.com;20c21bbc399f9ef2c91f0365d42531bf5023b70d32dbaf7f53f0b49d5110f72.us-east-1.prod.service.minerva.devices.a2z.com;alexa.eu.gateway.devices.a2z.com;e2df123a4dcaeaae2c830c6c288fe47f0fe4e2d4c7a754637f0ef83434a988b.us-east-1.prod.service.minerva.devices.a2z.com;A4ZXE0RM7LQ7A.us-east-1.prod.service.minerva.devices.a2z.com;ingestion.us-east-1.prod.arteries.alexa.a2z.com,*.a2z.com,Amazon,United States,US,207516,142269611,94356,53877119,113160,88392492,EU-non-huebridge-unified-trimmed-split-EchoDot3-filtered-with-DNS-endpoints;EU-non-huebridge-unified-trimmed-split-EchoShow5-filtered-with-DNS-endpoints;EU-non-huebridge-unified-trimmed-split-SonyTV-filtered-with-DNS-endpoints;US1-IoT-unified-trimmed-split-EchoDot5-filtered-with-DNS-endpoints,acsechocaptiveportal.com,,,,
3.231.142.64;54.221.115.48;35.174.238.195;34.234.3.233;3.15.249.145;44.217.254.49;34.202.15.246;44.207.13.168;174.129.198.40;52.72.222.201;52.45.81.130;3.94.156.137;3.210.237.141;34.201.186.142;3.218.84.31;52.203.60.72;3.224.206.139;44.194.145.88;3.230.12.86,acsechocaptiveportal.com,acsechocaptiveportal.com,Amazon,United States,None,671,65917,335,31880,336,34037,EU-non-huebridge-unified-trimmed-split-EchoDot3-filtered-with-DNS-endpoints;US1-IoT-unified-trimmed-split-EchoDot5-filtered-with-DNS-endpoints,akamai.net,*,,,
23.200.87.150;23.210.249.137,a248.e.akamai.net,*.akamai.net,Akamai (CDN),France,US,68,40516,28,37096,40,3420,EU-non-huebridge-unified-trimmed-split-SonyTV-filtered-with-DNS-endpoints,akamaitechnologies.com,*,,,
104.114.75.26;23.12.145.18;23.12.145.27;23.12.145.29;23.12.145.6;23.15.9.24;23.197.193.16;23.197.193.32;23.197.193.67;23.205.105.63;23.213.158.74;23.213.158.89;23.218.216.25;23.218.217.159;23.218.217.188;23.218.218.137;23.218.218.146;23.218.218.148;23.218.218.158;23.218.218.172;23.218.218.175;23.218.218.177;23.218.218.179;23.218.218.182;23.218.218.188;23.218.218.190;23.219.154.68;23.219.154.73;23.222.12.40;23.222.12.42;23.222.12.56;23.45.233.27;23.46.150.40;23.46.150.43;2600:1400:9000::687e:7540;2600:1408:17::172d:e911;2600:1408:17::172d:e929;2600:1408:2000::17de:c21;2600:1408:5400:1a::173e:e66d;2600:1408:5400:1a::173e:e672;2600:1408:5400:1c::173d:b2d;2600:1408:5400:1c::173d:b31;2600:1408:5400:1c::173d:b40;2600:1408:5400:1c::173d:b42;2600:1408:5400:1c::173d:b4a;2600:1408:5400:1c::173d:b4c;2600:1408:5400:1c::173d:b4d;2600:1408:5400:1c::173d:b51;2600:1408:5400:1c::173d:b53;2600:1408:c400:26::17da:d91f;2600:1408:c400:29::17da:da52;2600:1408:c400:2b::17de:4d6;2600:1408:c400:2b::17de:4d8;2600:141b:b000::1737:eb92;2600:141b:b000::1737:eba0,a104-114-75-26.deploy.static.akamaitechnologies.com.;a23-12-145-18.deploy.static.akamaitechnologies.com.;a23-12-145-27.deploy.static.akamaitechnologies.com.;a23-12-145-29.deploy.static.akamaitechnologies.com.;a23-12-145-6.deploy.static.akamaitechnologies.com.;a23-15-9-24.deploy.static.akamaitechnologies.com.;a23-197-193-16.deploy.static.akamaitechnologies.com.;a23-197-193-32.deploy.static.akamaitechnologies.com.;a23-197-193-67.deploy.static.akamaitechnologies.com.;a23-205-105-63.deploy.static.akamaitechnologies.com.;a23-213-158-74.deploy.static.akamaitechnologies.com.;a23-213-158-89.deploy.static.akamaitechnologies.com.;a23-218-216-25.deploy.static.akamaitechnologies.com.;a23-218-217-159.deploy.static.akamaitechnologies.com.;a23-218-217-188.deploy.static.akamaitechnologies.com.;a23-218-218-137.deploy.static.akamaitechnologies.com.;a23-218-218-146.deploy.static.akamaitechnologies.com.;a23-218-218-148.deploy.static.akamaitechnologies.com.;a23-218-218-158.deploy.static.akamaitechnologies.com.;a23-218-218-172.deploy.static.akamaitechnologies.com.;a23-218-218-175.deploy.static.akamaitechnologies.com.;a23-218-218-177.deploy.static.akamaitechnologies.com.;a23-218-218-179.deploy.static.akamaitechnologies.com.;a23-218-218-182.deploy.static.akamaitechnologies.com.;a23-218-218-188.deploy.static.akamaitechnologies.com.;a23-218-218-190.deploy.static.akamaitechnologies.com.;a23-219-154-68.deploy.static.akamaitechnologies.com.;a23-219-154-73.deploy.static.akamaitechnologies.com.;a23-222-12-40.deploy.static.akamaitechnologies.com.;a23-222-12-42.deploy.static.akamaitechnologies.com.;a23-222-12-56.deploy.static.akamaitechnologies.com.;a23-45-233-27.deploy.static.akamaitechnologies.com.;a23-46-150-40.deploy.static.akamaitechnologies.com.;a23-46-150-43.deploy.static.akamaitechnologies.com.;g2600-1400-9000-0000-0000-0000-687e-7540.deploy.static.akamaitechnologies.com.;g2600-1408-0017-0000-0000-0000-172d-e911.deploy.static.akamaitechnologies.com.;g2600-1408-0017-0000-0000-0000-172d-e929.deploy.static.akamaitechnologies.com.;g2600-1408-2000-0000-0000-0000-17de-0c21.deploy.static.akamaitechnologies.com.;g2600-1408-5400-001a-0000-0000-173e-e66d.deploy.static.akamaitechnologies.com.;g2600-1408-5400-001a-0000-0000-173e-e672.deploy.static.akamaitechnologies.com.;g2600-1408-5400-001c-0000-0000-173d-0b2d.deploy.static.akamaitechnologies.com.;g2600-1408-5400-001c-0000-0000-173d-0b31.deploy.static.akamaitechnologies.com.;g2600-1408-5400-001c-0000-0000-173d-0b40.deploy.static.akamaitechnologies.com.;g2600-1408-5400-001c-0000-0000-173d-0b42.deploy.static.akamaitechnologies.com.;g2600-1408-5400-001c-0000-0000-173d-0b4a.deploy.static.akamaitechnologies.com.;g2600-1408-5400-001c-0000-0000-173d-0b4c.deploy.static.akamaitechnologies.com.;g2600-1408-5400-001c-0000-0000-173d-0b4d.deploy.static.akamaitechnologies.com.;g2600-1408-5400-001c-0000-0000-173d-0b51.deploy.static.akamaitechnologies.com.;g2600-1408-5400-001c-0000-0000-173d-0b53.deploy.static.akamaitechnologies.com.;g2600-1408-c400-0026-0000-0000-17da-d91f.deploy.static.akamaitechnologies.com.;g2600-1408-c400-0029-0000-0000-17da-da52.deploy.static.akamaitechnologies.com.;g2600-1408-c400-002b-0000-0000-17de-04d6.deploy.static.akamaitechnologies.com.;g2600-1408-c400-002b-0000-0000-17de-04d8.deploy.static.akamaitechnologies.com.;g2600-141b-b000-0000-0000-0000-1737-eb92.deploy.static.akamaitechnologies.com.;g2600-141b-b000-0000-0000-0000-1737-eba0.deploy.static.akamaitechnologies.com.,*.akamaitechnologies.com,Akamai (CDN),United States,None,2465,242637,1230,125816,1235,116821,US2-HoloLens-trimmed-split-HoloLens2-filtered-with-DNS-endpoints;US2-HoloLens-trimmed-split-HoloLens2-filtered-with-DNS-endpoints-ipv6,aliyun.com,ntp,,,
203.107.6.88;120.25.115.20,ntp.aliyun.com;ntp1.aliyun.com,ntp.aliyun.com,Alibaba Cloud Computing,China,None,1267,114030,512,46080,755,41040,EU-huebridge-trimmed-split-PhilipsBridge-filtered-with-DNS-endpoints;US1-IoT-unified-trimmed-split-Govee-filtered-with-DNS-endpoints;US1-IoT-unified-trimmed-split-PhillipsBridge-filtered-with-DNS-endpoints,amazon.com,*,,,
18.203.57.224;52.16.104.93;52.214.227.89;54.246.178.107;63.34.107.182;54.73.54.181;3.253.167.59;3.253.180.77;3.253.183.190,avs-alexa-14-eu.amazon.com;fls-eu.amazon.com;mas-ext-eu.amazon.com,*-eu.amazon.com,Amazon,Ireland,US,32499,3828961,20055,2193789,12444,1635172,EU-non-huebridge-unified-trimmed-split-EchoDot3-filtered-with-DNS-endpoints;EU-non-huebridge-unified-trimmed-split-EchoShow5-filtered-with-DNS-endpoints,amazon.com,*-na,,,
72.21.207.143;52.46.149.29;52.94.241.146;52.119.198.189;52.119.198.109;209.54.177.153;209.54.177.157;52.94.231.169;52.119.198.106;52.46.149.57;209.54.178.164;209.54.181.98;52.46.155.112;52.94.242.236;52.46.131.184;52.119.198.2;209.54.178.166;209.54.177.117;52.119.196.31;209.54.181.4;209.54.180.44;52.119.198.186;52.46.131.209;209.54.178.134;52.46.131.169;52.46.128.81;52.46.143.123;52.46.149.20;209.54.179.88;209.54.177.114;54.239.27.82;52.46.158.193;52.46.137.138;52.46.137.255;67.220.240.26;52.46.142.156;52.94.239.41;52.46.137.51;52.94.233.34;209.54.183.177;52.46.128.145;209.54.179.225;52.46.138.235;209.54.183.200;209.54.179.224;209.54.183.178;52.46.147.136;52.46.128.80;209.54.180.2;209.54.183.194;44.215.139.77;44.215.115.210;44.215.133.149;52.46.131.169;209.54.180.27;52.46.128.81;52.94.231.169;209.54.181.4;209.54.179.88;52.46.143.123;209.54.181.98;52.119.196.31;209.54.178.166;52.46.158.193;52.119.198.189;52.119.198.2;52.119.198.101;209.54.177.153;52.94.240.240;52.119.198.118;209.54.178.134;52.94.242.236;209.54.180.44;52.119.198.106;72.21.207.143;52.46.146.126;209.54.180.25;52.46.131.209;209.54.178.164;209.54.177.157;209.54.177.117;52.46.131.184;52.119.198.109;52.119.198.186;209.54.177.114;52.46.149.20;209.54.177.154;52.46.149.29;52.94.241.146;52.54.36.84;18.234.8.50;34.195.16.139;44.215.141.160;44.215.134.100;44.215.116.69;67.220.240.92;67.220.240.35;52.46.128.80;52.46.137.255;209.54.183.177;52.46.131.168;44.215.142.74;44.215.114.101;44.215.115.210;44.231.61.240;34.195.175.66;34.237.111.59;52.46.158.193;52.94.242.236;52.94.231.169;52.119.198.118;209.54.178.166;209.54.180.27;209.54.177.114;209.54.178.164;52.119.198.109;52.46.131.184;52.46.149.57;209.54.177.117;52.46.128.81;52.119.198.106;209.54.180.25;52.46.143.123;209.54.179.93;209.54.177.154;52.46.146.126;52.46.155.112;52.119.198.101;52.46.149.29;72.21.207.143;209.54.180.44;52.94.241.146;54.239.27.82;52.46.131.209;52.119.198.186;52.119.196.31;209.54.181.98;44.215.142.74;52.46.131.169;209.54.177.157;209.54.179.88;209.54.178.134;209.54.177.153;209.54.181.4;52.46.149.20;52.119.198.189;44.215.139.77;52.119.198.2;44.215.114.101;209.54.180.25;52.94.240.240;209.54.177.157;52.46.131.184;209.54.180.27;209.54.178.164;52.46.131.209;52.94.231.169;52.46.149.29;52.119.198.189;209.54.178.166;209.54.178.134;52.46.146.126;54.239.27.82;52.46.149.20;52.119.198.2;52.46.128.81;52.46.149.57;52.94.241.146;52.46.131.169;209.54.179.88;209.54.181.4;72.21.207.143;52.119.198.109;209.54.177.117;52.119.198.118;209.54.177.153;52.119.198.101;52.46.155.112;52.119.198.186;52.94.242.236;52.46.158.193;209.54.177.154;52.46.143.123;209.54.181.98;209.54.179.93;52.119.198.106;209.54.180.44;52.119.196.31;174.129.165.207;52.54.36.84;54.164.163.115;54.221.200.137;44.198.224.47;54.242.128.35;54.205.24.65;34.237.111.59;54.166.21.152;54.91.103.251;44.199.138.71;52.202.2.34;18.214.180.6;34.195.175.66;54.243.58.104;44.199.52.214;3.227.83.236;52.20.206.121;54.157.203.98;44.193.236.65;52.46.144.254;209.54.179.226;209.54.179.227;52.46.131.168;67.220.240.92;209.54.179.232;67.220.240.34;54.239.29.32;209.54.179.225;209.54.183.179;52.46.145.205;52.46.131.214;52.46.137.255;52.46.141.207;209.54.180.2;52.46.128.145;52.46.138.235;209.54.179.230;209.54.179.224;52.46.147.136;52.46.142.117;209.54.183.185;52.46.137.107;209.54.183.178;67.220.240.35;52.46.145.14;52.46.128.80;209.54.179.231;52.94.239.41;209.54.183.194;52.94.233.60;44.215.139.77;44.215.114.101;44.215.133.149;44.215.115.210;44.215.132.234,api.amazon.com;msh.amazon.com;softwareupdates.amazon.com;todo-ta-g7g.amazon.com;api.amazon.com;det-ta-g7g.amazon.com;mas-sdk.amazon.com;msh.amazon.com;softwareupdates.amazon.com;todo-ta-g7g.amazon.com;arcus-uswest.amazon.com;device-metrics-us-2.amazon.com,*.amazon.com,Amazon,United States,US,154162,64266604,65646,23865164,88516,40401440,EU-non-huebridge-unified-trimmed-split-EchoDot3-filtered-with-DNS-endpoints;EU-non-huebridge-unified-trimmed-split-EchoShow5-filtered-with-DNS-endpoints;EU-non-huebridge-unified-trimmed-split-SonyTV-filtered-with-DNS-endpoints;US1-IoT-unified-trimmed-split-AmazonLight-filtered-with-DNS-endpoints;US1-IoT-unified-trimmed-split-EchoDot5-filtered-with-DNS-endpoints,amazon.com,*-eu,,,
176.32.101.46;44.215.129.169;44.215.115.150;44.215.143.151;44.215.134.203;44.215.132.72;176.32.101.46;176.32.98.108;52.46.144.82;52.46.141.136;209.54.177.132;52.46.155.116;209.54.181.97;209.54.181.78;209.54.180.131;209.54.177.232;209.54.181.86;209.54.177.222;44.215.133.95;44.215.129.169;52.46.145.112;44.199.80.228;3.223.181.245;3.217.147.217;35.175.71.102;54.167.177.211;44.215.134.203;44.215.143.151;176.32.98.108;176.32.101.46;44.215.115.150;44.215.133.95;44.215.129.169,device-messaging-na.amazon.com;dss-na.amazon.com;dcape-na.amazon.com;device-messaging-na.amazon.com;dp-discovery-na-ext.amazon.com;dss-na.amazon.com;unagi-na.amazon.com;avs-alexa-14-na.amazon.com;dcape-na.amazon.com;device-messaging-na.amazon.com;dss-na.amazon.com,*-na.amazon.com,Amazon,United States,US,88161,14142712,52956,6446844,35205,7695868,EU-non-huebridge-unified-trimmed-split-EchoDot3-filtered-with-DNS-endpoints;EU-non-huebridge-unified-trimmed-split-EchoShow5-filtered-with-DNS-endpoints;US1-IoT-unified-trimmed-split-EchoDot5-filtered-with-DNS-endpoints,amazon.com,*-us,,,
44.231.61.240;54.68.57.171;54.70.5.180;54.243.58.104;34.195.175.66;54.221.200.137;44.199.52.214;3.227.83.236;52.202.2.34;54.205.24.65;54.164.163.115;54.91.103.251;44.193.236.65;34.237.111.59;44.198.224.47;18.214.180.6;44.199.138.71;52.20.206.121;54.166.21.152;54.242.128.35;54.157.203.98;100.21.0.103;52.36.138.241;35.164.182.2;54.187.92.102;52.11.127.249;52.37.30.201;44.228.215.143;44.226.67.213;52.42.206.78;44.231.61.240;54.70.5.180;35.161.96.40;35.167.225.196;34.210.228.239;44.225.45.107;54.68.57.171;52.27.163.92;35.166.62.210;52.39.190.49;44.240.184.205;44.227.96.221;54.71.86.13;44.234.113.198;35.155.9.57;54.201.253.231;3.232.127.207;52.205.66.64;34.232.93.236;18.233.46.225;35.174.51.236;34.195.153.29;52.70.101.206;184.73.130.219;3.220.182.54;3.208.140.212;52.73.50.224;3.237.53.195;44.197.43.221;54.161.84.13;3.234.165.228;54.226.11.35;54.209.44.8;3.212.205.83;3.226.196.104;52.204.152.47;54.166.101.241;34.192.154.181;52.1.172.87;3.224.166.115;34.239.216.180,arcus-uswest.amazon.com;device-metrics-us-2.amazon.com;arcus-uswest.amazon.com;device-metrics-us.amazon.com,*-us.amazon.com,Amazon,United States,US,86081,38731511,36162,11697202,49919,27034309,EU-non-huebridge-unified-trimmed-split-EchoDot3-filtered-with-DNS-endpoints;EU-non-huebridge-unified-trimmed-split-EchoShow5-filtered-with-DNS-endpoints;US1-IoT-unified-trimmed-split-EchoDot5-filtered-with-DNS-endpoints,amazon.com,ntp-g7g,,,
34.236.6.206;52.45.237.36;3.214.58.173;52.203.151.208;34.226.24.249;34.236.6.206;52.203.151.208;34.236.6.206;3.234.38.31;34.239.12.200;52.45.237.36;3.214.58.173,ntp-g7g.amazon.com,ntp-g7g.amazon.com,Amazon,United States,None,36,3240,18,1620,18,1620,EU-non-huebridge-unified-trimmed-split-EchoDot3-filtered-with-DNS-endpoints;EU-non-huebridge-unified-trimmed-split-EchoShow5-filtered-with-DNS-endpoints;US1-IoT-unified-trimmed-split-EchoDot5-filtered-with-DNS-endpoints,amazonalexa.com,*,,,
18.155.120.74;18.66.164.76;52.222.173.74;52.84.214.74;52.84.170.76;52.84.191.74;18.161.103.75;13.225.235.83;108.138.179.76;18.172.207.74;108.156.57.75;3.160.209.67;18.161.88.75;99.86.219.83;18.155.120.74;18.66.164.76;52.222.173.74;52.84.191.74;52.84.214.74;52.84.170.76;13.225.235.83;108.138.179.76;18.161.88.75;3.160.177.67;108.156.57.75;18.161.103.75;3.160.209.67;52.85.120.82;18.172.207.74;18.165.180.74;3.162.122.67;108.138.74.73;3.162.107.67;18.155.255.74;18.67.73.76;18.160.44.74;13.35.91.74;18.173.129.67;108.139.43.67;52.85.138.76;18.160.14.74;18.165.90.74;18.164.121.74;18.160.29.74;18.160.224.74;18.238.54.67;3.162.152.67;108.156.87.76;18.164.106.74;108.156.117.73;108.138.104.73;108.139.28.74,api.amazonalexa.com,*.amazonalexa.com,Amazon,United States,US,109642,40841466,46766,32377157,62876,8464309,EU-non-huebridge-unified-trimmed-split-EchoDot3-filtered-with-DNS-endpoints;EU-non-huebridge-unified-trimmed-split-EchoShow5-filtered-with-DNS-endpoints;US1-IoT-unified-trimmed-split-EchoDot5-filtered-with-DNS-endpoints,amazonalexa.com,eu,*,,
52.95.119.232;34.240.91.37;34.249.57.3,cdws.eu-west-1.amazonaws.com;ec2-34-240-91-37.eu-west-1.compute.amazonaws.com.;ec2-34-249-57-3.eu-west-1.compute.amazonaws.com.,*.eu.amazonaws.com,Amazon,Ireland,US,18216,1814833,6194,727978,12022,1086855,EU-non-huebridge-unified-trimmed-split-EchoShow5-filtered-with-DNS-endpoints;EU-non-huebridge-unified-trimmed-split-TPLink-filtered-with-DNS-endpoints;EU-non-huebridge-unified-trimmed-split-TPLinkLight-filtered-with-DNS-endpoints,amazonaws.com,us,*,,
16.182.74.121;54.211.64.190;50.19.109.159;52.2.121.24;52.217.139.233;3.5.10.117;52.217.88.140;52.217.141.65;52.7.51.52;54.161.211.254;52.217.114.120;52.44.34.140;52.73.126.138,dcm-allowlist-filter-prod.s3.amazonaws.com;ec2-54-211-64-190.compute-1.amazonaws.com.;ec2-50-19-109-159.compute-1.amazonaws.com.;ec2-52-2-121-24.compute-1.amazonaws.com.;alexa-hybrid-clear-policy-prod-na.s3.amazonaws.com;dcm-allowlist-filter-prod.s3.amazonaws.com;device-artifacts-v2.s3.amazonaws.com;ec2-52-7-51-52.compute-1.amazonaws.com.;ec2-54-161-211-254.compute-1.amazonaws.com.;s3.amazonaws.com;ec2-52-44-34-140.compute-1.amazonaws.com.;ec2-52-73-126-138.compute-1.amazonaws.com.,*.amazonaws.com,Amazon,United States,US,91716,9527880,31105,4250368,60611,5277512,EU-non-huebridge-unified-trimmed-split-EchoDot3-filtered-with-DNS-endpoints;EU-non-huebridge-unified-trimmed-split-EchoShow5-filtered-with-DNS-endpoints;US1-IoT-unified-trimmed-split-AmazonLight-filtered-with-DNS-endpoints;US1-IoT-unified-trimmed-split-EchoDot5-filtered-with-DNS-endpoints;US1-IoT-unified-trimmed-split-Govee-filtered-with-DNS-endpoints;US1-IoT-unified-trimmed-split-Netvue-filtered-with-DNS-endpoints;US1-IoT-unified-trimmed-split-TPLink-filtered-with-DNS-endpoints,amazonaws.com,eu,*,,
52.222.195.41;18.66.165.150;54.192.217.204;108.138.181.195;18.155.130.184;18.172.210.181;13.225.233.147;108.157.242.54;18.239.32.55;52.222.195.41;18.66.165.150;54.192.217.204;108.138.181.195;18.155.130.184;13.225.233.147;18.172.210.181;18.239.32.55;18.161.234.211;3.162.41.56,api.eu.amazonalexa.com,*.eu.amazonalexa.com,Amazon,United States,US,40075,37486602,15567,35027907,24508,2458695,EU-non-huebridge-unified-trimmed-split-EchoDot3-filtered-with-DNS-endpoints;EU-non-huebridge-unified-trimmed-split-EchoShow5-filtered-with-DNS-endpoints,amazonaws.com,*,,,
3.91.171.220;3.227.250.160;3.91.171.244;3.227.250.208;3.91.171.231;3.227.250.254;3.91.171.240;3.227.250.251;3.91.171.248;3.91.171.251;3.91.171.221;3.91.171.237;3.227.250.176;3.227.250.213;3.91.171.149;3.227.250.255;3.237.107.6;3.91.171.153;3.227.250.150;3.91.171.229;3.91.171.151;3.227.250.205;3.91.171.238;3.227.250.225;3.227.250.203;3.91.171.128;3.227.250.197;3.227.250.195;3.227.250.215;3.227.250.219;3.227.250.136;3.91.171.249;3.227.250.142;3.91.171.216;3.227.250.201;3.91.171.131;3.91.171.156;3.227.250.193;3.227.250.154;3.91.171.242;3.227.250.220;3.227.250.129;3.227.250.191;3.227.250.224;3.227.250.138;3.227.250.162;54.172.223.241;54.188.109.168;52.217.88.158;52.217.89.246;54.231.236.88;16.182.69.176;16.182.103.72;52.216.168.165;52.216.154.206;16.182.100.216;52.217.10.206;52.217.4.70;52.216.108.221;52.216.36.184;52.216.205.125;52.216.109.221;52.216.153.254;52.216.145.101;52.216.244.70;52.216.248.14;16.182.103.96;52.216.51.144;52.217.68.126;52.217.205.0;52.217.97.222;52.217.95.24;52.217.108.94;52.217.68.150;52.216.8.229;52.216.30.62;54.231.195.120;16.182.68.192;54.231.172.200;52.217.47.30;52.216.110.213;52.217.98.206;52.217.122.32;52.216.200.157;54.231.133.152;52.217.224.104;52.217.204.192;52.217.137.224;52.217.170.16;54.231.132.216;52.216.171.117;52.216.112.13;16.182.39.112;54.231.232.152;16.182.72.216;52.217.140.104;52.217.98.62;54.231.229.96;16.182.65.0;52.217.133.152;52.217.139.240;52.217.113.8;52.217.17.126;52.216.211.240;52.216.59.240;52.217.230.32;54.231.194.120;52.217.136.24;54.231.131.16;54.231.199.8;52.216.145.253;16.182.96.40;54.231.236.136;52.217.95.200;52.217.44.86;52.216.219.40;16.182.101.104;54.231.196.216;52.216.76.126;52.217.207.56;52.216.76.38;52.216.41.0;52.216.108.69;54.231.197.96;52.216.152.246;52.217.171.248;52.216.215.24;54.231.225.16;52.216.9.213;54.231.224.200;54.231.166.208;52.217.84.118;3.5.8.175;52.216.218.56;52.216.10.181;16.182.107.64;54.231.139.72;52.216.240.134;52.217.9.206;52.217.206.152;54.231.133.232;52.217.166.96;52.216.54.80;54.231.225.96;52.216.245.86;52.216.177.21;52.216.114.173;54.231.198.88;54.231.224.144;52.217.132.48;54.231.225.40;54.231.138.168;54.231.134.40;52.216.249.254;16.182.67.128;52.217.224.216;54.231.230.0;16.182.36.8;52.216.35.224;52.217.164.72;52.216.44.144;54.231.160.32;16.182.97.208;52.217.225.224;52.216.33.48;16.182.35.224;52.216.59.72;54.231.193.80;54.231.161.120;52.217.202.216;54.231.172.104;52.216.62.40;54.231.131.240;52.216.216.224;52.217.114.168;52.217.113.56;52.216.221.176;16.182.96.16;52.217.170.144;52.216.63.16;52.217.231.48;52.217.121.184;54.231.224.192;54.231.230.144;54.231.227.32;52.216.41.80;54.231.134.24;52.217.233.40;52.217.142.240;52.217.203.0;52.217.121.224;54.231.135.152;54.231.130.128;16.182.68.208;54.231.134.168;52.217.224.80;16.182.65.120;52.216.63.56;52.217.235.160;52.217.124.56;52.216.43.144;54.231.194.112;52.216.62.0;52.217.207.40;52.216.33.72;54.231.232.216;52.216.221.0;54.231.139.184;54.231.226.192;54.231.193.224;52.216.114.53;52.217.100.86;52.217.141.0;54.231.171.184;52.216.52.120,kinesis.us-east-1.amazonaws.com;aqm3wd1qlc3dy-ats.iot.us-east-1.amazonaws.com;ec2-54-188-109-168.us-west-2.compute.amazonaws.com.;s3.us-east-1.amazonaws.com,*.us.amazonaws.com,Amazon,United States,US,105305,11511012,45831,5278219,59474,6232793,EU-non-huebridge-unified-trimmed-split-EchoShow5-filtered-with-DNS-endpoints;US1-IoT-unified-trimmed-split-Govee-filtered-with-DNS-endpoints;US1-IoT-unified-trimmed-split-Litokam-filtered-with-DNS-endpoints;US1-IoT-unified-trimmed-split-Netvue-filtered-with-DNS-endpoints,amazoncrl.com,*,,,
18.244.28.13;18.244.28.32;18.244.28.93;18.239.50.119;13.224.68.3,prod.amazoncrl.com,*.amazoncrl.com,Amazon,United States,None,50,10579,20,7689,30,2890,EU-non-huebridge-unified-trimmed-split-EchoShow5-filtered-with-DNS-endpoints,amazon-dss.com,*,,,
13.249.9.116;13.249.9.72;13.249.9.70;13.249.9.114;13.249.39.10;52.85.61.116;13.249.39.25,prod.amazoncrl.com,*.amazon-dss.com,Amazon,United States,US,268,88359,120,69449,148,18910,EU-non-huebridge-unified-trimmed-split-EchoDot3-filtered-with-DNS-endpoints;EU-non-huebridge-unified-trimmed-split-EchoShow5-filtered-with-DNS-endpoints;US1-IoT-unified-trimmed-split-EchoDot5-filtered-with-DNS-endpoints,amazonvideo.com,*,,,
18.196.27.158;52.222.169.67,atv-ar8de21s8pinm-sony-mt5893-bravia4kur3-sonybraviareleasekeys.api.amazonvideo.com;threeplr-abdx8mxr6q3e.api.amazonvideo.com,*.amazonvideo.com,Amazon,Germany,US,58,30977,24,26502,34,4475,EU-non-huebridge-unified-trimmed-split-SonyTV-filtered-with-DNS-endpoints,amcs-tachyon.com,*,,,
50.19.211.146;54.173.30.23;52.1.112.15;54.145.27.211,prod.amcs-tachyon.com,*.amcs-tachyon.com,Amazon,United States,US,14177,1269358,4793,488098,9384,781260,US1-IoT-unified-trimmed-split-EchoDot5-filtered-with-DNS-endpoints,android.com,time,,,
216.239.35.0;216.239.35.4,time.android.com,time.android.com,Google,United States,None,4,360,2,180,2,180,EU-non-huebridge-unified-trimmed-split-SonyTV-filtered-with-DNS-endpoints,aws.dev,*,,,
13.32.145.27;13.32.145.118;13.32.145.56;13.32.145.113;35.79.139.83;3.18.4.67;18.138.26.111;54.65.110.136;15.184.56.86;13.224.68.10;13.208.135.254;35.176.72.189;18.61.55.249;16.50.84.90;3.24.24.7;13.251.25.239;76.223.39.36;13.224.68.26;52.196.98.72;3.97.235.200;3.33.199.61;50.18.180.239;35.171.126.187;13.224.68.73;15.160.15.173;43.218.61.97;52.67.240.205;54.207.206.10;99.83.145.255;15.188.250.124;13.211.192.98;99.80.240.2;18.133.22.95;13.224.68.113;54.195.83.27;13.51.39.168;52.221.13.184;35.152.55.137;35.84.220.200;13.246.213.185;35.71.171.52;51.16.92.58;16.50.211.133;18.60.243.66;3.13.153.215;43.201.199.42;3.7.148.135;43.201.177.223;16.62.90.207;13.208.69.44;15.168.70.244;13.210.177.118;13.248.243.206;3.20.107.165;75.2.3.78;43.218.100.141;35.182.217.238;51.17.36.244;54.244.28.174;3.67.229.197;18.102.11.65;16.62.187.82;16.63.55.221;3.64.176.159;75.2.116.18;18.228.230.255;3.29.99.104;13.48.52.157;13.39.187.90;75.2.109.205;16.50.219.161;18.100.207.87;54.192.111.50;3.33.224.248;75.2.6.154;15.197.151.222;3.77.210.19;35.71.148.238;54.147.43.111;15.197.236.172;99.83.234.36;52.209.225.62;13.50.170.219;18.167.227.150;157.175.143.101;3.209.151.116;54.185.107.111;3.29.96.206;43.201.159.188;51.17.102.77;18.60.244.231;76.223.110.139;3.38.241.204;3.33.190.248;13.246.125.252;15.185.179.70;52.223.21.75;52.223.46.90;52.223.30.179;13.245.126.151;15.197.152.61;108.138.189.24;54.192.111.32;54.192.111.42;3.33.134.16;75.2.123.44;43.198.26.152;3.33.137.33;75.2.1.39;13.248.184.61;99.83.165.83;65.1.204.95;76.223.0.209;43.218.52.14;15.236.72.134;35.176.84.229;18.167.119.68;99.83.198.53;52.42.186.215;3.29.46.75;18.101.12.43;3.33.212.93;75.2.15.139;108.138.189.80;108.138.189.60;13.225.239.13;13.225.239.25;76.223.74.194;15.197.207.128;18.239.50.129;35.71.179.85;99.83.145.183;50.18.114.8;18.210.3.71;18.100.101.26;15.197.228.53;13.232.140.123;52.7.126.243;35.71.173.74;13.248.200.177;35.71.135.160;34.230.178.29;15.197.176.119;18.239.50.15;52.223.6.226;13.225.239.37;18.172.213.66;18.172.213.65;54.192.111.61;52.223.57.92;99.83.136.151,web.diagnostic.networking.aws.dev,*.aws.dev,Amazon,Anycast,None,10303,1458889,5132,657140,5171,801749,EU-non-huebridge-unified-trimmed-split-EchoDot3-filtered-with-DNS-endpoints,cloudflare.com,time,,,
162.159.200.123,time.cloudflare.com.,time.cloudflare.com,Cloudflare,Anycast,None,6,540,3,270,3,801749,US2-MagicLeap-trimmed-split-MagicLeap-filtered-with-DNS-endpoints,cloudfront.net,*,,,
18.244.38.167;18.244.38.103;99.86.122.166;18.244.38.118;18.244.38.168;18.244.38.192;18.244.38.8;18.244.38.32;18.244.38.214;18.244.38.90;3.162.40.176;3.162.40.105;3.162.40.170;3.162.40.108;99.86.122.137;54.192.219.143;99.86.122.221;108.157.19.49;54.192.219.13;18.66.212.125;18.239.38.68;99.86.122.86;99.86.122.76;13.32.158.66;13.32.158.17;52.222.196.206;52.222.196.44;52.222.149.14;52.222.149.109;52.222.149.17;18.239.83.38;18.66.171.34;18.160.2.68;99.84.216.64;3.162.93.51;99.84.216.152;13.32.207.108;13.32.207.83;13.32.207.48;13.32.207.122;18.173.130.122;18.154.230.60;18.154.230.133;18.154.230.19;18.154.230.100;3.162.130.154;3.162.130.150;3.162.130.91;3.162.130.209;108.138.125.194;108.138.125.198;13.225.66.162;108.138.125.14;13.225.66.84;108.138.125.193;13.225.66.127;3.162.93.102;3.162.93.201;13.225.66.219;3.162.93.159;3.162.93.101;18.160.45.68;18.160.45.16;108.138.61.34;18.164.131.179;108.138.82.9;18.160.45.164;18.164.131.162;18.160.45.108;108.138.82.54;18.164.131.9;108.138.61.102;18.238.59.69;108.138.61.8;3.162.159.115;54.230.244.171;54.230.139.132;54.230.125.126;13.225.189.40;13.225.189.62;108.138.82.203;18.238.59.198;3.162.159.2;18.164.131.217;108.139.46.212;54.230.244.67;18.164.115.101;18.164.115.37;54.230.244.99;13.226.36.71;52.85.150.30;52.85.150.196;52.85.150.105;52.85.150.204;18.164.115.11,dcovatbbq7lrh.cloudfront.net;d1cg7g7aedi1wy.cloudfront.net;d1x3l8x81otpfy.cloudfront.net;d2j591w8i2c22l.cloudfront.net;detdl4ibj4fur.cloudfront.net;dxz5jxhrrzigf.cloudfront.net;d3h5bk8iotgjvw.cloudfront.net;d1s31zyz7dcc2d.cloudfront.prod.ota-cloudfront.net;d2ouawjonid8rv.cloudfront.net;d2zprwa9w8uwyf.cloudfront.net;d3p8zr0ffa9t17.cloudfront.net;d3vcwwaauek8as.cloudfront.net,*.cloudfront.net,Amazon (CDN),United States,None,60691,137584741,33307,135114548,27384,2470193,EU-non-huebridge-unified-trimmed-split-EchoDot3-filtered-with-DNS-endpoints;EU-non-huebridge-unified-trimmed-split-EchoShow5-filtered-with-DNS-endpoints;US1-IoT-unified-trimmed-split-EchoDot5-filtered-with-DNS-endpoints,co.uk,amazon,*,,
54.239.35.211;52.95.124.103;52.95.125.12;52.94.217.61;52.95.123.112;52.94.220.255;52.95.123.17;54.239.33.155;54.239.35.210;52.95.127.117;52.95.126.126;52.94.218.244,msh.amazon.co.uk,*.amazon.co.uk,Amazon,Ireland,US,2528,1319581,1036,988943,1492,330638,EU-non-huebridge-unified-trimmed-split-EchoShow5-filtered-with-DNS-endpoints,com.,yahoo,bf1,time,*
72.30.35.89,t1.time.bf1.yahoo.com.,*.time.bf1.yahoo.com.,Yahoo,United States,None,2,180,1,90,1,90,US2-MagicLeap-trimmed-split-MagicLeap-filtered-with-DNS-endpoints,comcast.net,*,,,
73.239.145.47,c-73-239-145-47.hsd1.wa.comcast.net.,*.comcast.net,Comcast,United States,None,4,360,2,180,2,180,US2-MagicLeap-trimmed-split-MagicLeap-filtered-with-DNS-endpoints,dns.google,,,,
142.250.179.70,static.doubleclick.net,*.doubleclick.net,Google,United States,None,225,57384,103,41817,122,15567,EU-non-huebridge-unified-trimmed-split-GoogleHome-filtered-with-DNS-endpoints;EU-non-huebridge-unified-trimmed-split-NestMini-filtered-with-DNS-endpoints,dropcam.com,*-eu,,,
35.195.102.202;104.199.109.192;130.211.135.74,oculus395-eu1.dropcam.com;oculus346-eu1.dropcam.com;oculus10798-us1.dropcam.com,*-eu.dropcam.com,Google,Belgium,US,65619,6858636,32806,2765458,32813,4093178,EU-non-huebridge-unified-trimmed-split-NestCamera-filtered-with-DNS-endpoints,facebook.com,*,,,
31.13.65.1;31.13.66.4;157.240.241.17;31.13.65.36;31.13.66.35;31.13.71.36;157.240.229.35;157.240.241.35;31.13.66.10;157.240.229.17;31.13.66.4;31.13.66.34;157.240.229.34;31.13.66.10;157.240.229.20;157.240.241.20;157.240.229.34;31.13.66.34;157.240.241.34;2a03:2880:f003:c07:face:b00c:0:2;2a03:2880:f012:100:face:b00c:0:2;2a03:2880:f003:c1b:face:b00c:0:2b80;2a03:2880:f012:10f:face:b00c:0:2b80;2a03:2880:f011:1:face:b00c:0:1;2a03:2880:f003:c07:face:b00c:0:2;2a03:2880:f012:1:face:b00c:0:1;2a03:2880:f003:112:face:b00c:0:2;2a03:2880:f012:100:face:b00c:0:2;2a03:2880:f111:83:face:b00c:0:25de;2a03:2880:f103:83:face:b00c:0:25de;2a03:2880:f103:181:face:b00c:0:25de;2a03:2880:f112:182:face:b00c:0:25de;2a03:2880:f12c:183:face:b00c:0:25de;2a03:2880:f003:c09:face:b00c:0:6206;2a03:2880:f003:116:face:b00c:0:6206;2a03:2880:f003:c05:face:b00c:0:8e;2a03:2880:f003:115:face:b00c:0:8e;2a03:2880:f012:113:face:b00c:0:8e;2a03:2880:f103:80:face:b00c:0:1ea0;2a03:2880:f103:183:face:b00c:0:1ea0;2a03:2880:f003:c1b:face:b00c:0:2b80;2a03:2880:f003:110:face:b00c:0:2b80;2a03:2880:f012:10f:face:b00c:0:2b80;2a03:2880:f011:1:face:b00c:0:1;2a03:2880:f003:c07:face:b00c:0:2;2a03:2880:f012:1:face:b00c:0:1;2a03:2880:f082:e:face:b00c:0:2;2a03:2880:f011:110:face:b00c:0:2;2a03:2880:f003:112:face:b00c:0:2;2a03:2880:f012:100:face:b00c:0:2;2a03:2880:f103:83:face:b00c:0:25de;2a03:2880:f103:181:face:b00c:0:25de;2a03:2880:f003:c09:face:b00c:0:6206;2a03:2880:f003:116:face:b00c:0:6206;2a03:2880:f003:c05:face:b00c:0:8e;2a03:2880:f003:115:face:b00c:0:8e;2a03:2880:f103:80:face:b00c:0:1ea0;2a03:2880:f103:183:face:b00c:0:1ea0;2a03:2880:f003:c1b:face:b00c:0:2b80;2a03:2880:f011:10e:face:b00c:0:2b80;2a03:2880:f003:110:face:b00c:0:2b80;2a03:2880:f011:1:face:b00c:0:1;2a03:2880:f003:c07:face:b00c:0:2;2a03:2880:f082:e:face:b00c:0:2;2a03:2880:f011:110:face:b00c:0:2;2a03:2880:f003:112:face:b00c:0:2;2a03:2880:f012:100:face:b00c:0:2;2a03:2880:f103:83:face:b00c:0:25de;2a03:2880:f103:181:face:b00c:0:25de,graph.facebook.com;www.facebook.com;*.facebook.com;edge-star-shv-02-iad3.facebook.com.;graph.facebook.com;mqtt-mini.facebook.com;edge-star6-shv-01-iad3.facebook.com.;edge-star6-shv-02-lga3.facebook.com.;edge-secure6-shv-01-iad3.facebook.com.;edge-secure6-shv-02-lga3.facebook.com.;edge-star6-shv-01-atl3.facebook.com.;edge-star6-shv-01-iad3.facebook.com.;edge-star6-shv-01-lga3.facebook.com.;edge-star6-shv-02-iad3.facebook.com.;edge-star6-shv-02-lga3.facebook.com.;edge-star-mini6-shv-01-atl3.facebook.com.;edge-star-mini6-shv-01-iad3.facebook.com.;edge-star-mini6-shv-02-iad3.facebook.com.;edge-star-mini6-shv-02-lga3.facebook.com.;edge-star-mini6-shv-02-mia3.facebook.com.;edge-dgw6-shv-01-iad3.facebook.com.;edge-dgw6-shv-02-iad3.facebook.com.;edge-mqtt6-shv-01-iad3.facebook.com.;edge-mqtt6-shv-02-iad3.facebook.com.;edge-mqtt6-shv-02-lga3.facebook.com.;edge-mqtt-mini6-shv-01-iad3.facebook.com.;edge-mqtt-mini6-shv-02-iad3.facebook.com.;edge-secure6-shv-01-iad3.facebook.com.;edge-secure6-shv-02-iad3.facebook.com.;edge-secure6-shv-02-lga3.facebook.com.;edge-star6-shv-01-atl3.facebook.com.;edge-star6-shv-01-iad3.facebook.com.;edge-star6-shv-01-lga3.facebook.com.;edge-star6-shv-01-ord5.facebook.com.;edge-star6-shv-02-atl3.facebook.com.;edge-star6-shv-02-iad3.facebook.com.;edge-star6-shv-02-lga3.facebook.com.;edge-star-mini6-shv-01-iad3.facebook.com.;edge-star-mini6-shv-02-iad3.facebook.com.;edge-dgw6-shv-01-iad3.facebook.com.;edge-dgw6-shv-02-iad3.facebook.com.;edge-mqtt6-shv-01-iad3.facebook.com.;edge-mqtt6-shv-02-iad3.facebook.com.;edge-mqtt-mini6-shv-01-iad3.facebook.com.;edge-mqtt-mini6-shv-02-iad3.facebook.com.;edge-secure6-shv-01-iad3.facebook.com.;edge-secure6-shv-02-atl3.facebook.com.;edge-secure6-shv-02-iad3.facebook.com.;edge-star6-shv-01-atl3.facebook.com.;edge-star6-shv-01-iad3.facebook.com.;edge-star6-shv-01-ord5.facebook.com.;edge-star6-shv-02-atl3.facebook.com.;edge-star6-shv-02-iad3.facebook.com.;edge-star6-shv-02-lga3.facebook.com.;edge-star-mini6-shv-01-iad3.facebook.com.;edge-star-mini6-shv-02-iad3.facebook.com.,*.facebook.com,Meta,United States,None,761181,728520248,377818,73804676,383363,654715572,US1-MetaquestPro-trimmed-split-MetaquestPro-filtered-with-DNS-endpoints;US2-MetaQuest1-trimmed-split-MetaQuest1-filtered-with-DNS-endpoints;US2-MetaQuest2-trimmed-split-MetaQuest2-filtered-with-DNS-endpoints;US1-DreamGlassAir-trimmed-split-DreamGlassAir-filtered-with-DNS-endpoints-ipv6;US1-MetaquestPro-trimmed-split-MetaquestPro-filtered-with-DNS-endpoints-ipv6;US2-MetaQuest1-trimmed-split-MetaQuest1-filtered-with-DNS-endpoints-ipv6;US2-MetaQuest2-trimmed-split-MetaQuest2-filtered-with-DNS-endpoints-ipv6,facebook.com,time,,,
129.134.26.123;129.134.28.123;129.134.27.123;129.134.25.123;129.134.29.123;2a03:2880:ff0b::123;2a03:2880:ff0c::123;2a03:2880:ff08::123;2a03:2880:ff09::123;2a03:2880:ff0a::123,time.facebook.com;time2.facebook.com.;time3.facebook.com.;time4.facebook.com.;time2.facebook.com.;time5.facebook.com.;time1.facebook.com.,time.facebook.com,Meta,United States,None,2027,221690,1004,109800,1023,111890,US1-MetaquestPro-trimmed-split-MetaquestPro-filtered-with-DNS-endpoints;US2-MetaQuest1-trimmed-split-MetaQuest1-filtered-with-DNS-endpoints;US2-MetaQuest2-trimmed-split-MetaQuest2-filtered-with-DNS-endpoints;US1-MetaquestPro-trimmed-split-MetaquestPro-filtered-with-DNS-endpoints-ipv6;US2-MetaQuest1-trimmed-split-MetaQuest1-filtered-with-DNS-endpoints-ipv6;US2-MetaQuest2-trimmed-split-MetaQuest2-filtered-with-DNS-endpoints-ipv6,fbcdn.net,*,,,
2a03:2880:f211:c1:face:b00c:0:32c2;2a03:2880:f203:c1:face:b00c:0:32c2;2a03:2880:f212:c1:face:b00c:0:32c2;2a03:2880:f22c:c1:face:b00c:0:32c2;2a03:2880:f211:1ce:face:b00c:0:32c2;2a03:2880:f203:1cc:face:b00c:0:32c2;2a03:2880:f212:1c8:face:b00c:0:32c2;2a03:2880:f22c:1c1:face:b00c:0:32c2;2a03:2880:f275:1cb:face:b00c:0:32c2;2a03:2880:f211:c1:face:b00c:0:32c2;2a03:2880:f272:ca:face:b00c:0:32c2;2a03:2880:f203:c1:face:b00c:0:32c2;2a03:2880:f212:c1:face:b00c:0:32c2;2a03:2880:f211:1ce:face:b00c:0:32c2;2a03:2880:f203:1cc:face:b00c:0:32c2;2a03:2880:f212:1c8:face:b00c:0:32c2;2a03:2880:f003:100:face:b00c:0:3,edge-oculus6-shv-01-atl3.fbcdn.net.;edge-oculus6-shv-01-iad3.fbcdn.net.;edge-oculus6-shv-01-lga3.fbcdn.net.;edge-oculus6-shv-01-mia3.fbcdn.net.;edge-oculus6-shv-02-atl3.fbcdn.net.;edge-oculus6-shv-02-iad3.fbcdn.net.;edge-oculus6-shv-02-lga3.fbcdn.net.;edge-oculus6-shv-02-mia3.fbcdn.net.;edge-oculus6-shv-02-ord5.fbcdn.net.;edge-oculus6-shv-01-atl3.fbcdn.net.;edge-oculus6-shv-01-bos5.fbcdn.net.;edge-oculus6-shv-01-iad3.fbcdn.net.;edge-oculus6-shv-01-lga3.fbcdn.net.;edge-oculus6-shv-02-atl3.fbcdn.net.;edge-oculus6-shv-02-iad3.fbcdn.net.;edge-oculus6-shv-02-lga3.fbcdn.net.;xx-fbcdn6-shv-02-iad3.fbcdn.net.,*.fbcdn.net,Meta (CDN),Ireland,None,6533175,9476851512,3007751,8902636668,3525424,574214844,US1-MetaquestPro-trimmed-split-MetaquestPro-filtered-with-DNS-endpoints-ipv6;US2-MetaQuest1-trimmed-split-MetaQuest1-filtered-with-DNS-endpoints-ipv6;US2-MetaQuest2-trimmed-split-MetaQuest2-filtered-with-DNS-endpoints-ipv6,glypnod.com,ntp,,,
104.131.155.175;208.113.130.146,ntp1.glypnod.com.;ntp4.glypnod.com.,ntp.glypnod.com,UNKNOWN,United States,None,4,360,2,180,2,180,US2-MagicLeap-trimmed-split-MagicLeap-filtered-with-DNS-endpoints,google.com,*,,,
173.194.76.138;216.58.215.46;216.58.213.78;142.250.201.174;172.217.20.206;64.233.166.101;66.102.1.102;108.177.15.138;64.233.184.101;66.102.1.138;108.177.15.101;64.233.166.138;142.251.168.102;64.233.166.102;173.194.76.100;64.233.184.113;173.194.76.113;64.233.167.139;108.177.15.102;173.194.76.101;66.102.1.101;64.233.166.139;74.125.133.102;142.251.173.102;64.233.167.100;173.194.76.139;74.125.71.102;108.177.15.113;66.102.1.100;108.177.15.139;64.233.167.101;108.177.15.100;64.233.184.139;74.125.133.139;64.233.166.188;108.177.15.188;173.194.76.188;74.125.206.188;142.250.110.188;142.250.74.238;216.58.214.174;142.250.201.174;173.194.76.139;74.125.133.100;216.58.215.46;216.58.213.78;172.217.20.206;108.177.15.101;64.233.166.101;74.125.206.113;173.194.76.138;66.102.1.102;108.177.15.113;74.125.133.101;108.177.15.102;66.102.1.113;173.194.76.113;64.233.184.139;108.177.15.100;64.233.184.113;108.177.15.138;64.233.167.139;173.194.76.100;108.177.15.139;74.125.133.139;142.251.168.102;64.233.166.113;64.233.166.138;64.233.167.102;64.233.167.188;74.125.206.188;142.251.173.188;64.233.184.188;74.125.71.188;74.125.133.188;66.102.1.188;142.251.168.188;173.194.76.188;108.177.15.188;64.233.166.188;142.250.110.188;142.250.74.238;142.250.178.142;142.250.179.78;142.250.74.238;142.250.75.238;142.250.201.174;216.58.214.68;172.253.63.106;172.253.63.103;172.253.63.105;172.253.63.104;172.253.63.147;172.253.122.99;142.250.31.106;172.253.115.104;142.251.16.147;142.251.167.106;172.253.115.106,clients3.google.com;clients4.google.com;mtalk.google.com;tools.google.com;android.clients.google.com;clients3.google.com;android.clients.google.com;clients3.google.com;www.google.com,*.google.com,Google,United States,US;BE,173786,57662418,82385,34267015,91401,23395403,EU-non-huebridge-unified-trimmed-split-GoogleHome-filtered-with-DNS-endpoints;EU-non-huebridge-unified-trimmed-split-NestMini-filtered-with-DNS-endpoints;EU-non-huebridge-unified-trimmed-split-NestThermostat-filtered-with-DNS-endpoints;EU-non-huebridge-unified-trimmed-split-SonyTV-filtered-with-DNS-endpoints;US1-MetaquestPro-trimmed-split-MetaquestPro-filtered-with-DNS-endpoints;US2-MetaQuest2-trimmed-split-MetaQuest2-filtered-with-DNS-endpoints,google.com,time,,,
216.239.35.4;216.239.35.12;216.239.35.8;216.239.35.0,time2.google.com.;time4.google.com.;time3.google.com.;time1.google.com.;time.google.com,time.google.com,Google,United States,None,3372,303480,1686,151740,1686,151740,EU-huebridge-trimmed-split-PhilipsBridge-filtered-with-DNS-endpoints;EU-non-huebridge-unified-trimmed-split-GoogleHome-filtered-with-DNS-endpoints;EU-non-huebridge-unified-trimmed-split-NestMini-filtered-with-DNS-endpoints;US1-IoT-unified-trimmed-split-Govee-filtered-with-DNS-endpoints;US1-IoT-unified-trimmed-split-PhillipsBridge-filtered-with-DNS-endpoints,googleapis.com,*,,,
172.217.20.202;216.58.215.42;142.250.178.138;142.250.75.251;216.58.213.91;172.217.20.219;172.217.20.187;142.250.179.74;142.250.75.234;172.217.20.170;142.250.201.170;216.58.214.170;142.250.179.106;142.250.74.234;216.58.214.74;216.58.213.74;172.217.18.202;142.250.179.67;142.250.179.99;142.250.201.170;142.250.179.106;216.58.214.170;172.217.20.219;142.250.179.91;142.250.75.251;172.217.20.187;216.239.36.55;216.239.36.57;216.239.38.55;216.239.38.57;142.250.179.110,geller-pa.googleapis.com;storage.googleapis.com;play.googleapis.com;clientservices.googleapis.com;geller-pa.googleapis.com;home-devices.googleapis.com;safesearch.googleapis.com;storage.googleapis.com;play.googleapis.com;www.googleapis.com;android.googleapis.com;imasdk.googleapis.com;play.googleapis.com;speechs3proto2-pa.googleapis.com;www.googleapis.com;youtubei.googleapis.com;fcm.googleapis.com;play-fe.googleapis.com,*.googleapis.com,Google,United States,None,91882,45818012,44894,33356261,46988,12461751,EU-non-huebridge-unified-trimmed-split-GoogleHome-filtered-with-DNS-endpoints;EU-non-huebridge-unified-trimmed-split-NestMini-filtered-with-DNS-endpoints;EU-non-huebridge-unified-trimmed-split-SonyTV-filtered-with-DNS-endpoints,govee.com,*,,,
35.172.22.100;3.224.137.138;34.200.66.82;35.168.43.89;75.101.175.8;44.212.106.40;52.86.50.224;54.208.127.232,app.govee.com,*.govee.com,Govee,United States,None,993,121284,473,64410,520,56874,US1-IoT-unified-trimmed-split-Govee-filtered-with-DNS-endpoints,gstatic.com,*,,,
216.58.214.67;216.58.213.67;216.58.215.35;142.250.75.227;216.58.214.163,gstatic.com;www.gstatic.com;connectivitycheck.gstatic.com,*.gstatic.com,Google,United States,None,15551,4489959,5611,2291075,9940,2198884,EU-non-huebridge-unified-trimmed-split-GoogleHome-filtered-with-DNS-endpoints;EU-non-huebridge-unified-trimmed-split-NestMini-filtered-with-DNS-endpoints;EU-non-huebridge-unified-trimmed-split-SonyTV-filtered-with-DNS-endpoints,gstatic.com,connectivitycheck,,,
142.250.178.131;142.250.75.227;216.58.214.163;172.253.115.94;172.253.122.94,connectivitycheck.gstatic.com,*.gstatic.com,Google,United States,US;BE,47985,7620899,19417,2546100,28568,5074799,EU-non-huebridge-unified-trimmed-split-GoogleHome-filtered-with-DNS-endpoints;EU-non-huebridge-unified-trimmed-split-NestMini-filtered-with-DNS-endpoints;US1-MetaquestPro-trimmed-split-MetaquestPro-filtered-with-DNS-endpoints,he.net,nyc,clock,,
209.51.161.238,clock.nyc.he.net.,clock.nyc.he.net,Hurricane Electric,United States,None,4,360,2,180,2,180,US2-MagicLeap-trimmed-split-MagicLeap-filtered-with-DNS-endpoints,hpplay.cn,*,,,
1.14.243.105;1.14.243.65;114.80.179.242;101.226.28.239;61.170.80.210;61.170.79.234;61.170.77.224;61.170.81.237;101.226.28.234;180.163.207.102;61.170.77.225;101.226.28.240;101.226.28.236;61.170.79.233;180.163.207.105;101.226.28.235;114.80.179.245;61.170.77.229;114.80.179.249;61.170.79.236;61.170.79.231;61.170.81.235;114.80.179.246;101.226.28.241;47.113.57.36;47.113.57.59;47.107.217.159;47.113.66.37;1.14.243.123;1.14.243.73;1.14.243.233,gslb.hpplay.cn;imdns.hpplay.cn;rp.hpplay.cn;sdkauth.hpplay.cn,*.hpplay.cn,HPPlay,China,None,2433,305501,1159,130957,1274,174544,US1-DreamGlassAir-trimmed-split-DreamGlassAir-filtered-with-DNS-endpoints,hwcdn.net,*,,,
209.197.3.8,vip0x008.map2.ssl.hwcdn.net.,*.hwcdn.net,Highwinds (CDN),United States,None,14,1694,9,878,5,816,US2-HoloLens-trimmed-split-HoloLens2-filtered-with-DNS-endpoints,live.com,*,,,
20.190.190.194;20.190.151.7;20.190.190.193;20.190.151.131;20.190.151.133;20.190.151.70;40.126.62.129;40.126.62.130;20.190.151.134;20.190.151.9;20.190.190.196;20.190.151.67;20.190.190.130;40.126.62.132;20.190.151.8;20.190.190.132;20.190.190.129;20.190.151.69,login.live.com,*.live.com,Microsoft,United States,US,1435,1713386,619,1243396,816,469990,US2-HoloLens-trimmed-split-HoloLens2-filtered-with-DNS-endpoints,llnw.net,*,,,
69.164.0.0;69.164.0.128;2607:f4e8:310:a000::1;2607:f4e8:310:a000::8000;2607:f4e8:d:a200::8000,https-69-164-0-0.iad.llnw.net.;https-69-164-0-128.iad.llnw.net.;https-2607-f4e8-310-a000--1.iad.ipv6.llnw.net.;https-2607-f4e8-310-a000--8000.iad.ipv6.llnw.net.;https-2607-f4e8-d-a200--8000.iah.ipv6.llnw.net.,*.llnw.net,Edgio (CDN),United States,None,4973,5248299,3106,5105923,1867,142376,US2-HoloLens-trimmed-split-HoloLens2-filtered-with-DNS-endpoints;US2-HoloLens-trimmed-split-HoloLens2-filtered-with-DNS-endpoints-ipv6,ltsapis.goog,*,,,
64.233.184.206;74.125.201.206;74.125.69.206,mqtt.2030.ltsapis.goog,*.ltsapis.goog,Google,United States,None,58469,3403621,28881,1638530,29588,1765091,EU-huebridge-trimmed-split-PhilipsBridge-filtered-with-DNS-endpoints;US1-IoT-unified-trimmed-split-PhillipsBridge-filtered-with-DNS-endpoints,magicleap.com,*,,,
224.0.0.1,all-systems.mcast.net.,all-systems.mcast.net,Local,None,None,70,3220,0,0,70,3220,EU-non-huebridge-unified-trimmed-split-MaxcioSmartStrip-filtered-with-DNS-endpoints,mcast.net,igmp,,,
224.0.0.22,igmp.mcast.net.,igmp.mcast.net,Local,None,None,22801,1310886,0,0,22801,1310886,EU-huebridge-trimmed-split-PhilipsBridge-filtered-with-DNS-endpoints;EU-non-huebridge-unified-trimmed-split-GoogleHome-filtered-with-DNS-endpoints;EU-non-huebridge-unified-trimmed-split-NestMini-filtered-with-DNS-endpoints;US1-IoT-unified-trimmed-split-EchoDot5-filtered-with-DNS-endpoints;US1-IoT-unified-trimmed-split-PhillipsBridge-filtered-with-DNS-endpoints;US2-HoloLens-trimmed-split-HoloLens2-filtered-with-DNS-endpoints,mcast.net,mdns,,,
18.160.18.38;18.160.18.27;18.160.18.19;18.160.18.71,api.magicleap.com,*.magicleap.com,Magic Leap,United States,US,1211,711573,600,467196,611,244377,US2-MagicLeap-trimmed-split-MagicLeap-filtered-with-DNS-endpoints,mcast.net,all-systems,,,
224.0.0.251,mdns.mcast.net.,mdns.mcast.net,Local,None,None,272065,222897043,0,0,272065,222897043,EU-non-huebridge-unified-trimmed-split-DLink-filtered-with-DNS-endpoints;EU-non-huebridge-unified-trimmed-split-EchoDot3-filtered-with-DNS-endpoints;EU-non-huebridge-unified-trimmed-split-EchoShow5-filtered-with-DNS-endpoints;EU-non-huebridge-unified-trimmed-split-GoogleHome-filtered-with-DNS-endpoints;EU-non-huebridge-unified-trimmed-split-NestMini-filtered-with-DNS-endpoints;EU-non-huebridge-unified-trimmed-split-SonyTV-filtered-with-DNS-endpoints;US1-DreamGlassAir-trimmed-split-DreamGlassAir-filtered-with-DNS-endpoints;US1-IoT-unified-trimmed-split-EchoDot5-filtered-with-DNS-endpoints;US1-IoT-unified-trimmed-split-PhillipsBridge-filtered-with-DNS-endpoints;US2-HoloLens-trimmed-split-HoloLens2-filtered-with-DNS-endpoints,media-amazon.com,*,,,
146.75.73.16;52.222.166.183;18.155.122.209;23.200.86.234;52.222.199.122;18.244.31.175;99.86.127.71;52.84.180.239,m.media-amazon.com,*.media-amazon.com,Amazon,Anycast,US,4880,5812196,1646,5542711,3234,269485,EU-non-huebridge-unified-trimmed-split-EchoShow5-filtered-with-DNS-endpoints,meethue.com,*,,,
34.117.13.189;52.48.41.28;46.51.188.91;99.80.116.23;3.251.22.95;54.216.117.174;52.211.152.148,ws.meethue.com;diag.meethue.com;data.meethue.com;discovery.meethue.com,*.meethue.com,Philips Hue,United States,None,90631,8896062,44550,4119176,46081,4776886,EU-huebridge-trimmed-split-PhilipsBridge-filtered-with-DNS-endpoints;EU-non-huebridge-unified-trimmed-split-EchoShow5-filtered-with-DNS-endpoints;US1-IoT-unified-trimmed-split-PhillipsBridge-filtered-with-DNS-endpoints,meta.com,*,,,
31.13.66.4;157.240.229.17;31.13.71.1,www.meta.com,*.meta.com,Meta,United States,None,441,346292,207,325946,234,20346,US2-MetaQuest2-trimmed-split-MetaQuest2-filtered-with-DNS-endpoints,mglp.net,*,,,
34.148.222.99;34.148.64.75,dcg.mglp.net;ota.mglp.net,*.mglp.net,Google,United States,US,1739,589341,771,133526,968,455815,US2-MagicLeap-trimmed-split-MagicLeap-filtered-with-DNS-endpoints,microsoft.com,*,,,
20.190.4.251;13.86.61.82;52.138.124.216;23.195.92.131;23.48.24.78;20.3.187.198;52.165.164.15;13.85.23.206;96.16.76.107;20.114.58.89;23.102.129.60;23.4.176.235;23.73.237.222;104.112.25.149;104.108.126.232;40.65.209.51;20.96.52.198;52.154.209.174;52.185.73.156;20.22.113.133;23.199.50.2;23.54.68.82;20.190.152.152;40.126.23.96;20.54.25.4;52.184.216.174;51.104.167.245;20.211.142.183;52.167.249.196;52.191.219.104;20.106.86.13;13.71.55.58;52.140.118.28;20.44.239.154;52.185.211.133;20.72.205.209;52.183.220.149;52.137.106.217;40.119.249.228;52.167.17.97;20.49.150.241;51.11.168.232;20.12.23.50;40.68.123.157;20.42.73.26;104.208.16.88;20.42.73.24;20.42.73.25;20.189.173.16;20.189.173.10;20.189.173.9;104.46.162.226;52.168.112.67;20.189.173.7;20.189.173.18;13.89.179.8;52.182.143.208;20.42.65.88;20.189.173.4;52.168.112.66;20.42.65.90;20.42.65.85;20.189.173.1;13.89.179.9;20.189.173.3;20.189.173.14;13.89.178.26;51.105.71.137;20.44.10.123;104.208.16.90;52.168.117.170;51.132.193.105;20.189.173.2;20.189.173.11;20.42.65.89;20.189.173.12;20.189.173.8;52.182.143.209;52.182.143.210;52.168.117.169;20.189.173.13;20.42.72.131;52.182.143.211;52.182.141.63;51.104.15.253;20.189.173.5;51.132.193.104;20.44.10.122;13.69.116.104;13.69.239.74;13.89.178.27;40.79.150.120;20.50.73.13;104.46.162.224;20.189.173.6;40.79.141.154;20.189.173.23;13.69.116.107;104.208.16.89;40.79.189.59;51.105.71.136;52.168.117.168;20.42.65.84;20.50.201.200;51.104.15.252;13.69.109.130;20.50.201.204;13.89.179.10;20.50.80.209;20.189.173.15;52.178.17.2;13.78.111.199;20.50.80.214;40.79.197.35;13.69.239.72;40.79.150.121;13.69.239.77;52.178.17.3;40.79.141.152;40.74.98.194,continuum.dds.microsoft.com;cp801.prod.do.dsp.mp.microsoft.com;fe3cr.delivery.mp.microsoft.com;kv801.prod.do.dsp.mp.microsoft.com;msedge.api.cdp.microsoft.com;storecatalogrevocation.storequality.microsoft.com;tsfe.trafficshaping.dsp.mp.microsoft.com;displaycatalog.mp.microsoft.com;fs.microsoft.com;graph.microsoft.com;geo.prod.do.dsp.mp.microsoft.com;settings-win.data.microsoft.com;slscr.update.microsoft.com;v10.events.data.microsoft.com,*.microsoft.com,Microsoft,United States,US,21236,7606117,9845,5212557,11391,2393560,US2-HoloLens-trimmed-split-HoloLens2-filtered-with-DNS-endpoints,mmechocaptiveportal.com,,,,
3.224.165.251;54.85.152.119;3.230.52.81;52.4.83.157;34.194.238.19;52.2.141.51;34.233.144.239;34.229.36.20;18.205.164.137;34.192.108.184;52.204.151.135;3.225.54.172;3.82.72.168;44.194.74.27;54.83.51.141;44.208.95.157;52.203.71.253;52.71.65.85;18.214.139.29;3.217.92.140;3.231.62.225;44.196.234.91;52.205.114.27;54.92.225.161;3.86.169.245;34.195.177.5;54.85.204.168;3.225.72.132;18.205.231.10;52.72.41.104;18.235.193.42;3.209.29.35;3.230.12.18;3.141.203.230;18.223.183.157,mmechocaptiveportal.com,mmechocaptiveportal.com,Amazon,United States,None,8531,841323,4276,400505,4255,440818,EU-non-huebridge-unified-trimmed-split-EchoShow5-filtered-with-DNS-endpoints,mydlink.com,*,,,
52.17.90.193;108.128.237.136;52.50.138.222;54.75.216.227;52.51.223.120;34.247.193.243;63.33.29.77;99.81.252.178;52.210.1.214;54.216.215.110;54.229.69.45;54.77.239.235;99.80.0.240;52.215.192.18;34.254.122.144;54.194.135.95;54.220.151.155;52.19.172.170;52.51.81.227;18.200.177.60;52.212.170.9;52.222.161.73,mp-eu-rcdda-2.auto.mydlink.com;mp-eu-rcdda-10.auto.mydlink.com;mp-eu-rcdda-12.auto.mydlink.com;mp-eu-rcdda-8.auto.mydlink.com;mp-eu-rcdda-6.auto.mydlink.com;mp-eu-rcdda-3.auto.mydlink.com;mp-eu-rcdda-5.auto.mydlink.com;mp-eu-dcdda.auto.mydlink.com;mp-eu-rcdda-4.auto.mydlink.com;mp-eu-rcdda-9.auto.mydlink.com;mp-eu-rcdda-11.auto.mydlink.com;mp-eu-fwd.auto.mydlink.com;mp-eu-sas-1.auto.mydlink.com;ca-mgr.auto.mydlink.com,*.mydlink.com,D-Link,Ireland,BE;TW,124791,117715950,46524,3949171,78267,113766779,EU-non-huebridge-unified-trimmed-split-DLink-filtered-with-DNS-endpoints,ndmdhs.com,*,,,
44.225.84.51;44.240.111.222;50.112.17.37;13.224.68.66;13.32.145.49;13.32.145.58;13.32.145.105;13.32.145.21,api.meta.ndmdhs.com;bdcore-apr-lb.bda.ndmdhs.com;bravia-cfgdst-ore-pro.bda.ndmdhs.com;cdn.meta.ndmdhs.com,*.ndmdhs.com,Sony,United States,BE;JP,176,52724,83,40619,93,12105,EU-non-huebridge-unified-trimmed-split-SonyTV-filtered-with-DNS-endpoints,nest.com,*,,,
18.210.94.215;18.209.26.40;54.88.60.177;54.156.213.123;54.173.243.106;52.91.103.86;107.21.146.204;54.166.199.222;107.23.175.250;3.83.229.35;35.171.224.183;52.54.95.86;35.171.141.52;34.231.209.135;18.209.53.160;18.205.224.178;18.210.159.117;35.169.204.9;52.6.94.39;18.210.25.50;18.204.60.159;18.210.177.236;18.210.177.46;35.171.116.112;18.204.62.133;52.206.238.53;18.209.86.148;34.239.79.85;18.208.2.216;35.168.175.128;18.204.152.154;52.55.205.241;34.237.131.21;18.205.174.64;35.190.54.210;52.205.228.132;54.164.247.81;54.156.64.150;54.208.172.57;52.70.53.18;54.146.20.238;54.205.92.207;52.73.226.79;52.55.159.10;54.152.190.163;52.22.4.251;52.54.204.6;52.87.106.218;52.22.184.96;52.72.161.88;54.164.236.255,czfe04-front01-iad01.transport.home.nest.com;czfe06-front01-iad01.transport.home.nest.com;czfe100-front01-iad01.transport.home.nest.com;czfe108-front01-iad01.transport.home.nest.com;czfe110-front01-iad01.transport.home.nest.com;czfe111-front01-iad01.transport.home.nest.com;czfe112-front01-iad01.transport.home.nest.com;czfe116-front01-iad01.transport.home.nest.com;czfe120-front01-iad01.transport.home.nest.com;czfe121-front01-iad01.transport.home.nest.com;czfe16-front01-iad01.transport.home.nest.com;czfe18-front01-iad01.transport.home.nest.com;czfe19-front01-iad01.transport.home.nest.com;czfe24-front01-iad01.transport.home.nest.com;czfe29-front01-iad01.transport.home.nest.com;czfe30-front01-iad01.transport.home.nest.com;czfe37-front01-iad01.transport.home.nest.com;czfe39-front01-iad01.transport.home.nest.com;czfe44-front01-iad01.transport.home.nest.com;czfe45-front01-iad01.transport.home.nest.com;czfe49-front01-iad01.transport.home.nest.com;czfe53-front01-iad01.transport.home.nest.com;czfe59-front01-iad01.transport.home.nest.com;czfe61-front01-iad01.transport.home.nest.com;czfe62-front01-iad01.transport.home.nest.com;czfe67-front01-iad01.transport.home.nest.com;czfe69-front01-iad01.transport.home.nest.com;czfe81-front01-iad01.transport.home.nest.com;czfe82-front01-iad01.transport.home.nest.com;czfe85-front01-iad01.transport.home.nest.com;czfe87-front01-iad01.transport.home.nest.com;czfe91-front01-iad01.transport.home.nest.com;czfe93-front01-iad01.transport.home.nest.com;czfe98-front01-iad01.transport.home.nest.com;logsink.devices.nest.com;squeakydoor.nest.com;weather.nest.com,*.nest.com,Google,United States,US,26853,11477674,12545,4326502,14308,7151172,EU-non-huebridge-unified-trimmed-split-NestThermostat-filtered-with-DNS-endpoints,nest.com,time,,,
216.239.35.0,time.nest.com,time.nest.com,Google,United States,None,70,6300,35,3150,35,3150,EU-non-huebridge-unified-trimmed-split-NestThermostat-filtered-with-DNS-endpoints,netflix.com,*,,,
34.255.15.69;46.137.170.241;52.211.179.103;54.170.173.133;54.217.21.108;54.217.35.13;99.81.251.69;52.16.177.193;52.209.135.12;52.30.55.190;34.240.160.76;34.252.29.56;52.17.126.117;52.17.211.173;52.210.62.227;52.212.197.118;176.34.214.23;3.248.68.85;3.248.72.3;34.252.142.55;54.155.136.132;54.195.14.93;54.220.170.166;54.228.171.0;54.73.99.78;54.75.143.18;54.77.110.160;63.35.92.152;3.251.50.149;52.214.181.141;54.155.178.5;54.155.246.232;54.170.196.176;54.246.79.9;54.73.148.110;54.74.73.31;34.240.52.30;34.242.150.220;34.248.133.31;34.250.84.59;52.210.63.192;52.49.41.243;52.17.111.227;52.211.14.11;52.213.164.31;52.213.79.183;54.229.254.136;45.57.90.1,android.prod.cloud.netflix.com;logs.netflix.com;nrdp70-appboot.netflix.com;nrdp-ipv6.prod.ftl.netflix.com;www.netflix.com;api-global.netflix.com;uiboot.netflix.com;secure.netflix.com,*.netflix.com,Netflix,Ireland,None,12389,12976492,5160,9723042,7229,3253450,EU-non-huebridge-unified-trimmed-split-SonyTV-filtered-with-DNS-endpoints,netflix.net,*,,,
52.214.249.246;63.35.126.25;99.81.216.237,preapp.prod.partner.netflix.net,*.netflix.net,Netflix,Ireland,None,213,138843,101,99667,112,39176,EU-non-huebridge-unified-trimmed-split-SonyTV-filtered-with-DNS-endpoints,nexcess.net,ntp,,,
2607:f7c0:1:af00:d045:7800:0:f1,ntp.nexcess.net.,ntp.nexcess.net,Nexcess,United States,None,2,220,1,110,1,110,US1-DreamGlassAir-trimmed-split-DreamGlassAir-filtered-with-DNS-endpoints-ipv6,nflxext.com,*,,,
45.57.91.1,assets.nflxext.com,*.nflxext.com,Netflix,United States,None,779,1645806,334,1608590,445,37216,EU-non-huebridge-unified-trimmed-split-SonyTV-filtered-with-DNS-endpoints,ntfo.org,chi1,tick,,
204.93.207.12,tick.chi1.ntfo.org.,tick.chi1.ntfo.org,UNKNOWN,United States,None,2,180,1,90,1,90,US2-MagicLeap-trimmed-split-MagicLeap-filtered-with-DNS-endpoints,ntp.org,*,,,
46.17.65.37;51.68.44.27;195.154.226.102;162.159.200.123;129.250.35.251;194.57.169.1;5.39.80.51;129.151.225.244;146.59.35.38;162.159.200.1;162.159.200.123;5.196.8.113;129.250.35.250;37.59.63.125;95.81.173.74;193.52.136.2;95.81.173.8;195.154.226.102;129.250.35.251;194.57.169.1;95.81.173.155;51.158.147.92;5.39.80.51;176.137.36.37;212.83.158.83;82.64.230.205;51.15.182.163;51.38.81.135;162.19.224.29;51.178.79.86;194.177.34.116;212.85.158.10;82.64.45.50;176.31.102.171;141.95.158.40;91.224.149.41;79.143.250.33;45.128.41.10;146.59.88.209;92.243.6.5;82.64.131.93;51.38.113.118;5.196.160.139;82.64.81.218;31.170.8.123;51.255.209.72;178.32.23.17;51.68.180.114;51.255.95.80;188.165.224.178;82.64.84.116;51.158.67.116;94.23.215.121;163.172.108.148;82.127.104.72;146.59.35.38;80.74.64.1;51.158.181.205;5.39.78.25;164.132.166.29;151.80.32.71;80.74.64.2;51.68.44.27;193.107.56.65;54.38.114.34;149.202.2.105;82.64.247.11;37.187.20.28;51.38.99.44;51.255.141.76;195.83.132.135;162.159.200.123;5.39.80.51;193.52.136.2;82.64.131.93;82.64.45.50;176.137.36.37;129.151.225.244;51.15.182.163;51.68.44.27;51.178.79.86;51.158.181.205;92.243.6.5;5.196.160.139;95.81.173.74;54.38.114.34;51.38.81.135;194.177.34.116;51.158.147.92;212.85.158.10;91.224.149.41;94.23.215.121;51.38.113.118;129.250.35.250;129.250.35.251;82.64.247.11;146.59.35.38;195.154.226.102;82.64.230.205;79.143.250.33;51.255.95.80;162.159.200.1;212.83.158.83;163.172.108.143;213.251.128.249;92.222.227.225;51.15.191.239;5.196.8.113;146.59.88.209;188.165.49.6;91.121.165.46;164.132.166.29;5.135.153.35;51.15.177.17;176.31.251.158;95.81.173.155;178.32.23.17;146.59.30.179;149.202.2.105;51.68.180.114;178.33.41.123;93.1.195.48;51.75.17.219;94.23.21.189;185.254.100.25;192.162.70.70;37.59.63.125;37.187.20.28;51.38.99.44;51.255.141.76;195.83.132.135;162.159.200.1;204.17.205.8;216.31.17.12;216.218.254.202;23.141.40.123;208.67.72.43;198.60.22.240;5.78.71.97;76.223.42.77;108.181.220.94;217.180.209.214;23.95.169.235;108.61.73.243;204.2.134.162;73.239.145.47;68.183.107.237;162.159.200.123;129.250.35.250;5.161.186.39;144.34.193.110;216.229.4.69;99.119.214.210;5.78.89.3;5.161.111.190;174.53.169.69;62.72.0.70;69.89.207.199;45.79.111.167;198.30.92.2;174.136.99.6;104.167.241.197;45.79.35.159;5.78.62.36;45.33.53.84;142.147.88.111;171.66.97.126;66.228.58.20;216.229.4.66;162.159.200.123;162.159.200.1;178.62.68.79;95.215.175.2;195.171.43.10;131.111.8.60;93.93.131.118;139.162.219.252;109.74.206.120;176.58.109.199;131.111.8.63;82.219.4.30;81.128.218.110;83.151.207.133;129.250.35.251;85.199.214.99;51.89.151.183;90.155.73.34;85.199.214.100;185.57.191.229;178.215.228.24;129.250.35.250;188.114.116.1;80.87.128.222;193.150.34.2;139.143.5.31;134.0.16.1;139.143.5.30;178.62.18.76;195.171.43.12;185.103.119.60;178.79.188.22;178.62.250.107;85.199.214.101;103.214.44.30;85.199.214.98;131.111.8.61;176.58.127.165;217.114.59.66;132.226.210.133;141.147.71.134;83.98.51.237;217.114.59.3;178.79.155.116;46.17.88.213;129.215.160.240;88.80.189.24;212.71.244.243;77.68.29.174;46.17.88.211;213.5.132.231;185.177.149.33;130.159.196.118;13.41.102.135;86.3.232.217,2.android.pool.ntp.org;pool.ntp.org;uk.pool.ntp.org,*.ntp.org,NTP Pool Project,France,None,1058,95220,527,47430,531,47790,EU-non-huebridge-unified-trimmed-split-EchoShow5-filtered-with-DNS-endpoints;EU-non-huebridge-unified-trimmed-split-NestCamera-filtered-with-DNS-endpoints;EU-non-huebridge-unified-trimmed-split-TPLink-filtered-with-DNS-endpoints;EU-non-huebridge-unified-trimmed-split-TPLinkLight-filtered-with-DNS-endpoints;US1-IoT-unified-trimmed-split-Govee-filtered-with-DNS-endpoints;US1-IoT-unified-trimmed-split-TPLink-filtered-with-DNS-endpoints,ntp-fireos.com,*,,,
34.194.40.211;52.200.232.52,0.ntp.nvts.co,*.ntp.nvts.co,Netvue,United States,None,834,50313,417,27033,417,23280,US1-IoT-unified-trimmed-split-Netvue-filtered-with-DNS-endpoints,nvts.co,*,,,
18.234.8.250;18.204.96.150;18.204.83.38;35.153.21.233;35.168.46.68,ack.ntp-fireos.com,*.ntp-fireos.com,Amazon,United States,None,4094,368460,2047,184230,2047,184230,US1-IoT-unified-trimmed-split-AmazonLight-filtered-with-DNS-endpoints,nvts.co,ntp,*,,
44.213.42.13;52.70.161.86;34.193.127.115;54.204.59.176;54.210.33.145;52.54.212.178;34.197.164.221;34.225.243.222;184.73.233.73;3.216.168.201;34.196.181.225;54.197.57.108;34.203.118.105;44.209.65.86;44.198.156.16;52.0.113.149;44.207.230.159,deviceapi.nvts.co;localweb.nvts.co,*.nvts.co,Netvue,United States,US,5688,1791230,2417,1425698,3271,365532,US1-IoT-unified-trimmed-split-Netvue-filtered-with-DNS-endpoints,oculus.com,*,,,
31.13.66.48;157.240.241.55;31.13.65.51;31.13.71.51;157.240.229.55,graph.oculus.com;graph.oculus.com;securecdn.oculus.com,*.oculus.com,Meta,United States,US,11476,2570428,4773,1477323,6703,1093105,US1-MetaquestPro-trimmed-split-MetaquestPro-filtered-with-DNS-endpoints;US2-MetaQuest1-trimmed-split-MetaQuest1-filtered-with-DNS-endpoints;US2-MetaQuest2-trimmed-split-MetaQuest2-filtered-with-DNS-endpoints,office365.com,*,,,
52.96.179.114;52.96.9.178;52.96.242.18;40.97.190.18;52.96.111.114;52.96.40.242;52.96.181.98,outlook.office365.com,*.office365.com,Microsoft,United States,US,1173,778081,724,474556,449,303525,US2-HoloLens-trimmed-split-HoloLens2-filtered-with-DNS-endpoints,prolixium.com,*,,,
2620:6:2000:104::48,excalibur.prolixium.com.,*.prolixium.com,Individual Owned,United States,None,2,220,1,110,1,110,US1-DreamGlassAir-trimmed-split-DreamGlassAir-filtered-with-DNS-endpoints-ipv6,rellim.com,*,,,
204.17.205.8,spidey.rellim.com.,*.rellim.com,Individual Owned,United States,None,2,180,1,90,1,90,US2-MagicLeap-trimmed-split-MagicLeap-filtered-with-DNS-endpoints,roborock.com,*us,,,
34.234.52.98;3.90.90.68;34.235.101.245;52.71.187.249;52.20.174.99;35.153.215.199;34.233.80.41;34.205.36.44;52.45.3.7;34.237.160.2;44.205.149.15;3.224.109.93;54.211.87.187;34.198.156.152;3.234.117.239;54.145.128.172;44.196.175.243;52.204.167.93;107.23.177.41;34.203.110.85;3.208.250.187;18.215.77.229;3.218.40.177;52.7.76.233,mqtt-us.roborock.com;api-us.roborock.com,*us.roborock.com,Roborock,United States,US,64061,7054203,21987,2427333,42074,4626870,US2-RoboRock-trimmed-split-Roborock-filtered-with-DNS-endpoints,ruselabs.com,*,,,
5.78.89.3,haka.ruselabs.com.,*.ruselabs.com,Individual Owned,United States,None,2,180,1,90,1,90,US2-MagicLeap-trimmed-split-MagicLeap-filtered-with-DNS-endpoints,skyrock.net,*,,,
91.203.187.32,crea.skyrock.net,*.skyrock.net,Skyrock,France,US,198,186979,89,178179,109,8800,EU-non-huebridge-unified-trimmed-split-EchoShow5-filtered-with-DNS-endpoints,sony.tv,*,,,
13.224.68.118;18.239.69.44;52.84.174.104;52.84.174.89;18.239.69.3;18.66.171.30;52.222.174.103;52.222.174.123;52.222.174.21;54.201.66.14;44.239.233.189;52.25.158.229;104.84.81.161,api.erabu.sony.tv;metadata.erabu.sony.tv;reg.biv.sony.tv;service.biv.sony.tv;ssm1.internet.sony.tv;static.internet.sony.tv,*.sony.tv,Sony,United States,US,661,205284,308,137663,353,67621,EU-non-huebridge-unified-trimmed-split-SonyTV-filtered-with-DNS-endpoints,tuyaeu.com,*,,,
18.185.218.106;52.57.38.165;3.124.225.12;35.156.42.116;3.121.210.75;18.185.182.159;3.120.92.134;3.67.242.33;3.64.85.28;18.185.31.196;3.66.126.37;18.184.31.90;3.65.95.68;3.121.131.36;35.156.44.172;18.192.43.219;18.195.249.137;52.58.249.45,m2.tuyaeu.com;a3.tuyaeu.com,*.tuyaeu.com,Tuya,Germany,None,27055,2334757,12431,1152102,14624,1182655,EU-non-huebridge-unified-trimmed-split-MaxcioSmartStrip-filtered-with-DNS-endpoints,tuyaus.com,*,,,
44.230.212.240,a2.tuyaus.com,*.tuyaus.com,Tuya,United States,US,10505,2518740,4825,1648627,5680,870113,US1-IoT-unified-trimmed-split-Litokam-filtered-with-DNS-endpoints,vewd.com,*,,,
52.11.230.198,log.core.cloud.vewd.com,*.vewd.com,Xperi ,United States,AT;US;GB,59,16895,26,13063,33,3832,EU-non-huebridge-unified-trimmed-split-SonyTV-filtered-with-DNS-endpoints,web-ster.com,*,,,
2604:d200::39,white.web-ster.com.,*.web-ster.com,DirectLink,United States,None,2,220,1,110,1,110,US1-DreamGlassAir-trimmed-split-DreamGlassAir-filtered-with-DNS-endpoints-ipv6,windows.com,*,,,
20.7.1.246;20.10.31.115;20.7.2.167,client.wns.windows.com,*.windows.com,Microsoft,United States,US,13052,1831705,4923,987462,8129,844243,US2-HoloLens-trimmed-split-HoloLens2-filtered-with-DNS-endpoints,xiaomi.com,*,,,
52.10.34.30;52.39.3.194;44.240.201.23,awsusor0.fds.api.xiaomi.com,*.xiaomi.com,Xiaomi,United States,US,1275,496366,475,351490,800,144876,US2-RoboRock-trimmed-split-Roborock-filtered-with-DNS-endpoints,youtube.com,*,,,
1.12.244.239,None,None,Tencent,China,None,758,63862,256,23130,502,40732,US1-DreamGlassAir-trimmed-split-DreamGlassAir-filtered-with-DNS-endpoints,,,,,
1.12.251.126,None,None,Tencent,China,None,253,21347,86,7735,167,13612,US1-DreamGlassAir-trimmed-split-DreamGlassAir-filtered-with-DNS-endpoints,,,,,
1.12.63.98,None,None,Tencent,China,None,134,11348,45,4054,89,7294,US1-DreamGlassAir-trimmed-split-DreamGlassAir-filtered-with-DNS-endpoints,,,,,
1.14.240.120,None,None,Tencent,China,None,534,45063,179,16223,355,28840,US1-DreamGlassAir-trimmed-split-DreamGlassAir-filtered-with-DNS-endpoints,,,,,
114.132.167.252,None,None,Tencent,China,None,758,63862,256,23130,502,40732,US1-DreamGlassAir-trimmed-split-DreamGlassAir-filtered-with-DNS-endpoints,,,,,
119.29.217.205,None,None,Tencent,China,None,755,63664,253,22932,502,40732,US1-DreamGlassAir-trimmed-split-DreamGlassAir-filtered-with-DNS-endpoints,,,,,
119.29.218.136,None,None,Tencent,China,None,512,43171,172,15561,340,27610,US1-DreamGlassAir-trimmed-split-DreamGlassAir-filtered-with-DNS-endpoints,,,,,
119.91.249.55,None,None,Tencent,China,None,131,11040,45,4004,86,7036,US1-DreamGlassAir-trimmed-split-DreamGlassAir-filtered-with-DNS-endpoints,,,,,
123.207.63.97,None,None,Tencent,China,None,524,44238,175,15884,349,28354,US1-DreamGlassAir-trimmed-split-DreamGlassAir-filtered-with-DNS-endpoints,,,,,
159.75.151.232,None,None,Tencent,China,None,756,63730,254,22998,502,40732,US1-DreamGlassAir-trimmed-split-DreamGlassAir-filtered-with-DNS-endpoints,,,,,
159.75.156.212,None,None,Tencent,China,None,504,42532,167,15156,337,27376,US1-DreamGlassAir-trimmed-split-DreamGlassAir-filtered-with-DNS-endpoints,,,,,
159.75.162.153,None,None,Tencent,China,None,757,63796,255,23064,502,40732,US1-DreamGlassAir-trimmed-split-DreamGlassAir-filtered-with-DNS-endpoints,,,,,
159.75.162.175,None,None,Tencent,China,None,754,63598,252,22866,502,40732,US1-DreamGlassAir-trimmed-split-DreamGlassAir-filtered-with-DNS-endpoints,,,,,
159.75.184.30,None,None,Tencent,China,None,26,2240,9,778,17,1462,US1-DreamGlassAir-trimmed-split-DreamGlassAir-filtered-with-DNS-endpoints,,,,,
159.75.187.238,None,None,Tencent,China,None,112,9432,38,3392,74,6040,US1-DreamGlassAir-trimmed-split-DreamGlassAir-filtered-with-DNS-endpoints,,,,,
42.193.239.33,None,None,Tencent,China,None,515,43479,173,15677,342,27802,US1-DreamGlassAir-trimmed-split-DreamGlassAir-filtered-with-DNS-endpoints,,,,,
42.193.243.76,None,None,Tencent,China,None,229,19323,77,6941,152,12382,US1-DreamGlassAir-trimmed-split-DreamGlassAir-filtered-with-DNS-endpoints,,,,,
42.193.244.238,None,None,Tencent,China,None,755,63664,253,22932,502,40732,US1-DreamGlassAir-trimmed-split-DreamGlassAir-filtered-with-DNS-endpoints,,,,,
42.194.224.152,None,None,Tencent,China,None,759,63928,257,23196,502,40732,US1-DreamGlassAir-trimmed-split-DreamGlassAir-filtered-with-DNS-endpoints,,,,,
42.194.229.237,None,None,Tencent,China,None,271,22865,91,8215,180,14650,US1-DreamGlassAir-trimmed-split-DreamGlassAir-filtered-with-DNS-endpoints,,,,,
42.194.238.150,None,None,Tencent,China,None,101,8565,34,3053,67,5512,US1-DreamGlassAir-trimmed-split-DreamGlassAir-filtered-with-DNS-endpoints,,,,,
42.194.238.51,None,None,Tencent,China,None,442,37202,148,13418,294,23784,US1-DreamGlassAir-trimmed-split-DreamGlassAir-filtered-with-DNS-endpoints,,,,,
43.138.145.210,None,None,Tencent,China,None,1060,89406,357,32214,703,57192,US1-DreamGlassAir-trimmed-split-DreamGlassAir-filtered-with-DNS-endpoints,,,,,
43.138.152.163,None,None,Tencent,China,None,211,17805,71,6395,140,11410,US1-DreamGlassAir-trimmed-split-DreamGlassAir-filtered-with-DNS-endpoints,,,,,
2a01:111:f100:4002::9d37:c1c2,None,None,Microsoft,Great Britian,None,19,8224,9,5690,10,2534,US2-HoloLens-trimmed-split-HoloLens2-filtered-with-DNS-endpoints-ipv6,,,,,
2a01:111:f100:9001::1761:914d,None,None,Microsoft,Great Britian,None,156,93340,72,23646,84,69694,US2-HoloLens-trimmed-split-HoloLens2-filtered-with-DNS-endpoints-ipv6,,,,,
2a01:111:f100:9001::1761:91b4,None,None,Microsoft,Great Britian,None,118,77602,54,68958,64,8644,US2-HoloLens-trimmed-split-HoloLens2-filtered-with-DNS-endpoints-ipv6,,,,,
2a01:111:f100:9001::1761:970b,None,None,Microsoft,Great Britian,None,53,24376,23,16774,30,7602,US2-HoloLens-trimmed-split-HoloLens2-filtered-with-DNS-endpoints-ipv6,,,,,
2a01:111:f100:a004::bfeb:8ad6,None,None,Microsoft,Great Britian,None,133,126385,67,16688,66,109697,US2-HoloLens-trimmed-split-HoloLens2-filtered-with-DNS-endpoints-ipv6,,,,,
2a01:111:f100:a004::bfeb:8b31,None,None,Microsoft,Great Britian,None,65,16042,27,10831,38,5211,US2-HoloLens-trimmed-split-HoloLens2-filtered-with-DNS-endpoints-ipv6,,,,,
2a01:111:f100:a004::bfeb:8dc3,None,None,Microsoft,Great Britian,None,55,24524,24,16848,31,7676,US2-HoloLens-trimmed-split-HoloLens2-filtered-with-DNS-endpoints-ipv6,,,,,
2001:4de0:ac10::1:1:18,None,None,StackPath (CDN),Netherlands,None,10,1544,5,663,5,881,US2-HoloLens-trimmed-split-HoloLens2-filtered-with-DNS-endpoints-ipv6,,,,,
2001:4de0:ac10::1:1:19,None,None,StackPath (CDN),Netherlands,None,381,90697,200,65369,181,25328,US2-HoloLens-trimmed-split-HoloLens2-filtered-with-DNS-endpoints-ipv6,,,,,
192.168.1.106,None,None,Local,None,None,7924,1605138,5024,1363336,2900,241802,US1-IoT-unified-trimmed-split-EchoDot5-filtered-with-DNS-endpoints,,,,,
192.168.1.106,None,None,Local,None,None,639562,135434556,351635,111422976,287927,24011580,US1-IoT-unified-trimmed-split-Netvue-filtered-with-DNS-endpoints,,,,,
192.168.1.107,None,None,Local,None,None,639562,135434556,287927,24011580,351635,111422976,US1-IoT-unified-trimmed-split-PhillipsBridge-filtered-with-DNS-endpoints,,,,,
192.168.1.109,None,None,Local,None,None,7924,1605138,2900,241802,5024,1363336,US1-IoT-unified-trimmed-split-PhillipsBridge-filtered-with-DNS-endpoints,,,,,
192.168.1.109,None,None,Local,None,None,173,111758,0,0,173,111758,US1-IoT-unified-trimmed-split-TPLink-filtered-with-DNS-endpoints,,,,,
192.168.1.116,None,None,Local,None,None,173,111758,173,111758,0,0,US1-IoT-unified-trimmed-split-EchoDot5-filtered-with-DNS-endpoints,,,,,
192.168.1.255,None,None,Local,None,None,150348,195753096,0,0,150348,195753096,US1-DreamGlassAir-trimmed-split-DreamGlassAir-filtered-with-DNS-endpoints,,,,,
192.168.1.255,None,None,Local,None,None,122804,14859284,0,0,122804,14859284,US2-RoboRock-trimmed-split-Roborock-filtered-with-DNS-endpoints,,,,,
192.168.231.108,None,None,Local,None,None,1156003,92917093,565513,38011373,590490,54905720,EU-non-huebridge-unified-trimmed-split-EchoShow5-filtered-with-DNS-endpoints,,,,,
192.168.231.108,None,None,Local,None,None,2220,823055,525,43120,1695,779935,EU-non-huebridge-unified-trimmed-split-SonyTV-filtered-with-DNS-endpoints,,,,,
192.168.231.108,None,None,Local,None,None,6664,892059,3888,244296,2776,647763,EU-non-huebridge-unified-trimmed-split-TPLink-filtered-with-DNS-endpoints,,,,,
192.168.231.108,None,None,Local,None,None,55,58465,0,0,55,58465,EU-non-huebridge-unified-trimmed-split-TPLinkLight-filtered-with-DNS-endpoints,,,,,
192.168.231.112,None,None,Local,None,None,6664,892059,2776,647763,3888,244296,EU-non-huebridge-unified-trimmed-split-EchoDot3-filtered-with-DNS-endpoints,,,,,
192.168.231.112,None,None,Local,None,None,6955,934749,2905,680274,4050,254475,EU-non-huebridge-unified-trimmed-split-EchoShow5-filtered-with-DNS-endpoints,,,,,
192.168.231.112,None,None,Local,None,None,5978,2763926,4246,2687718,1732,76208,EU-non-huebridge-unified-trimmed-split-GoogleHome-filtered-with-DNS-endpoints,,,,,
192.168.231.112,None,None,Local,None,None,5610,2748323,4247,2688351,1363,59972,EU-non-huebridge-unified-trimmed-split-NestMini-filtered-with-DNS-endpoints,,,,,
192.168.231.171,None,None,Local,None,None,1156003,92917093,590490,54905720,565513,38011373,EU-non-huebridge-unified-trimmed-split-EchoDot3-filtered-with-DNS-endpoints,,,,,
192.168.231.171,None,None,Local,None,None,2240,831075,525,43120,1715,787955,EU-non-huebridge-unified-trimmed-split-SonyTV-filtered-with-DNS-endpoints,,,,,
192.168.231.171,None,None,Local,None,None,6955,934749,4050,254475,2905,680274,EU-non-huebridge-unified-trimmed-split-TPLink-filtered-with-DNS-endpoints,,,,,
192.168.231.171,None,None,Local,None,None,67,71221,0,0,67,71221,EU-non-huebridge-unified-trimmed-split-TPLinkLight-filtered-with-DNS-endpoints,,,,,
192.168.231.176,None,None,Local,None,None,2220,823055,1695,779935,525,43120,EU-non-huebridge-unified-trimmed-split-EchoDot3-filtered-with-DNS-endpoints,,,,,
192.168.231.176,None,None,Local,None,None,2240,831075,1715,787955,525,43120,EU-non-huebridge-unified-trimmed-split-EchoShow5-filtered-with-DNS-endpoints,,,,,
192.168.231.192,None,None,Local,None,None,907826,74664833,451886,36471945,455940,38192888,EU-non-huebridge-unified-trimmed-split-NestMini-filtered-with-DNS-endpoints,,,,,
192.168.231.192,None,None,Local,None,None,5978,2763926,1732,76208,4246,2687718,EU-non-huebridge-unified-trimmed-split-TPLink-filtered-with-DNS-endpoints,,,,,
192.168.231.192,None,None,Local,None,None,5905,4553886,1691,74404,4214,4479482,EU-non-huebridge-unified-trimmed-split-TPLinkLight-filtered-with-DNS-endpoints,,,,,
192.168.231.200,None,None,Local,None,None,55,58465,55,58465,0,0,EU-non-huebridge-unified-trimmed-split-EchoDot3-filtered-with-DNS-endpoints,,,,,
192.168.231.200,None,None,Local,None,None,67,71221,67,71221,0,0,EU-non-huebridge-unified-trimmed-split-EchoShow5-filtered-with-DNS-endpoints,,,,,
192.168.231.200,None,None,Local,None,None,5905,4553886,4214,4479482,1691,74404,EU-non-huebridge-unified-trimmed-split-GoogleHome-filtered-with-DNS-endpoints,,,,,
192.168.231.200,None,None,Local,None,None,5494,4529688,4208,4473104,1286,56584,EU-non-huebridge-unified-trimmed-split-NestMini-filtered-with-DNS-endpoints,,,,,
192.168.231.223,None,None,Local,None,None,907826,74664833,455940,38192888,451886,36471945,EU-non-huebridge-unified-trimmed-split-GoogleHome-filtered-with-DNS-endpoints,,,,,
192.168.231.223,None,None,Local,None,None,5610,2748323,1363,59972,4247,2688351,EU-non-huebridge-unified-trimmed-split-TPLink-filtered-with-DNS-endpoints,,,,,
192.168.231.223,None,None,Local,None,None,5494,4529688,1286,56584,4208,4473104,EU-non-huebridge-unified-trimmed-split-TPLinkLight-filtered-with-DNS-endpoints,,,,,
224.0.0.250,None,None,Local,None,None,4272,371658,0,0,4272,371658,EU-non-huebridge-unified-trimmed-split-GoogleHome-filtered-with-DNS-endpoints,,,,,
224.0.0.252,None,None,Local,None,None,1973,142056,0,0,1973,142056,US2-HoloLens-trimmed-split-HoloLens2-filtered-with-DNS-endpoints,,,,,
224.0.0.250,None,None,Local,None,None,708,61590,0,0,708,61590,EU-non-huebridge-unified-trimmed-split-NestMini-filtered-with-DNS-endpoints,,,,,
239.255.255.250,None,None,Local,None,None,30354,10654254,0,0,30354,10654254,EU-huebridge-trimmed-split-PhilipsBridge-filtered-with-DNS-endpoints,,,,,
239.255.255.250,None,None,Local,None,None,315,43680,0,0,315,43680,EU-non-huebridge-unified-trimmed-split-EchoDot3-filtered-with-DNS-endpoints,,,,,
239.255.255.250,None,None,Local,None,None,3723,1371948,0,0,3723,1371948,EU-non-huebridge-unified-trimmed-split-EchoShow5-filtered-with-DNS-endpoints,,,,,
239.255.255.250,None,None,Local,None,None,2418227,937062940,0,0,2418227,937062940,US1-DreamGlassAir-trimmed-split-DreamGlassAir-filtered-with-DNS-endpoints,,,,,
239.255.255.250,None,None,Local,None,None,528,78780,0,0,528,78780,US1-IoT-unified-trimmed-split-EchoDot5-filtered-with-DNS-endpoints,,,,,
239.255.255.250,None,None,Local,None,None,10629,1897332,0,0,10629,1897332,US1-IoT-unified-trimmed-split-Netvue-filtered-with-DNS-endpoints,,,,,
239.255.255.250,None,None,Local,None,None,69660,24450660,0,0,69660,24450660,US1-IoT-unified-trimmed-split-PhillipsBridge-filtered-with-DNS-endpoints,,,,,
239.255.255.250,None,None,Local,None,None,6816,2475344,0,0,6816,2475344,EU-non-huebridge-unified-trimmed-split-SonyTV-filtered-with-DNS-endpoints,,,,,
239.255.255.251,None,None,Local,None,None,4275,371913,0,0,4275,371913,EU-non-huebridge-unified-trimmed-split-GoogleHome-filtered-with-DNS-endpoints,,,,,
239.255.255.251,None,None,Local,None,None,711,61845,0,0,711,61845,EU-non-huebridge-unified-trimmed-split-NestMini-filtered-with-DNS-endpoints,,,,,
255.255.255.255,None,None,Local,None,None,291,21396,0,0,291,21396,EU-non-huebridge-unified-trimmed-split-EchoDot3-filtered-with-DNS-endpoints,,,,,
255.255.255.255,None,None,Local,None,None,315,23100,0,0,315,23100,EU-non-huebridge-unified-trimmed-split-EchoShow5-filtered-with-DNS-endpoints,,,,,
255.255.255.255,None,None,Local,None,None,8512,651190,0,0,8512,651190,EU-non-huebridge-unified-trimmed-split-GoogleHome-filtered-with-DNS-endpoints,,,,,
255.255.255.255,None,None,Local,None,None,14017,3223910,0,0,14017,3223910,EU-non-huebridge-unified-trimmed-split-MaxcioSmartStrip-filtered-with-DNS-endpoints,,,,,
255.255.255.255,None,None,Local,None,None,348,25926,0,0,348,25926,US1-IoT-unified-trimmed-split-EchoDot5-filtered-with-DNS-endpoints,,,,,
255.255.255.255,None,None,Local,None,None,120858,31664796,0,0,120858,31664796,US1-IoT-unified-trimmed-split-Litokam-filtered-with-DNS-endpoints,,,,,
255.255.255.255,None,None,Local,None,None,8512,651201,0,0,8512,651201,EU-non-huebridge-unified-trimmed-split-NestMini-filtered-with-DNS-endpoints,,,,,
142.250.178.142;142.250.179.78;74.125.133.136;142.251.168.91;142.250.75.238,www.youtube.com,*.youtube.com,Google,United States,None,2935,6129085,1747,5915803,1188,213282,EU-non-huebridge-unified-trimmed-split-GoogleHome-filtered-with-DNS-endpoints;EU-non-huebridge-unified-trimmed-split-NestMini-filtered-with-DNS-endpoints,,,,,
192.229.211.108,None,None,Edgecast (CDN),United States,None,52,9112,24,5782,28,3330,US2-HoloLens-trimmed-split-HoloLens2-filtered-with-DNS-endpoints,,,,,
72.21.81.240,None,None,Edgecast (CDN),United States,None,27,20733,14,19229,13,1504,US2-HoloLens-trimmed-split-HoloLens2-filtered-with-DNS-endpoints,,,,,
2606:2800:11f:85d:13e0:11e9:1a6:201d,None,None,Edgecast (CDN),United States,None,264,65177,112,43422,152,21755,US2-HoloLens-trimmed-split-HoloLens2-filtered-with-DNS-endpoints-ipv6,,,,,
2607:f1c0:1801:16e::1,None,None,IONOS (CDN),United States,None,2,220,1,110,1,110,US1-DreamGlassAir-trimmed-split-DreamGlassAir-filtered-with-DNS-endpoints-ipv6,,,,,
8.253.131.121,None,None,Level 3 Parent (CDN),United States,None,62,5936,38,3979,24,1957,US2-HoloLens-trimmed-split-HoloLens2-filtered-with-DNS-endpoints,,,,,
8.253.132.121,None,None,Level 3 Parent (CDN),United States,None,779,781576,512,763507,267,18069,US2-HoloLens-trimmed-split-HoloLens2-filtered-with-DNS-endpoints,,,,,
2001:1900:2302:1f01::1fe,None,None,Level 3 Parent (CDN),United States,None,36,3890,21,2234,15,1656,US2-HoloLens-trimmed-split-HoloLens2-filtered-with-DNS-endpoints-ipv6,,,,,
2001:1900:2302:6f0d::1fe,None,None,Level 3 Parent (CDN),United States,None,15,2336,7,1198,8,1138,US2-HoloLens-trimmed-split-HoloLens2-filtered-with-DNS-endpoints-ipv6,,,,,
2001:1900:2302:6f17::1fe,None,None,Level 3 Parent (CDN),United States,None,74,15149,43,12101,31,3048,US2-HoloLens-trimmed-split-HoloLens2-filtered-with-DNS-endpoints-ipv6,,,,,
2001:1900:2302:6f1b::1fe,None,None,Level 3 Parent (CDN),United States,None,36,3890,21,2234,15,1656,US2-HoloLens-trimmed-split-HoloLens2-filtered-with-DNS-endpoints-ipv6,,,,,
2001:1900:2302:8f04::1fe,None,None,Level 3 Parent (CDN),United States,None,134,14202,75,7934,59,6268,US2-HoloLens-trimmed-split-HoloLens2-filtered-with-DNS-endpoints-ipv6,,,,,
2001:1900:2302:8f06::1fe,None,None,Level 3 Parent (CDN),United States,None,36,3890,21,2234,15,1656,US2-HoloLens-trimmed-split-HoloLens2-filtered-with-DNS-endpoints-ipv6,,,,,
2001:1900:2302:8f09::1fe,None,None,Level 3 Parent (CDN),United States,None,15,2336,7,1198,8,1138,US2-HoloLens-trimmed-split-HoloLens2-filtered-with-DNS-endpoints-ipv6,,,,,
2001:1900:230e:3037::1fe,None,None,Level 3 Parent (CDN),United States,None,36,3890,21,2234,15,1656,US2-HoloLens-trimmed-split-HoloLens2-filtered-with-DNS-endpoints-ipv6,,,,,
2001:1900:235c:f00::1fe,None,None,Level 3 Parent (CDN),United States,None,15,9557,7,8757,8,800,US2-HoloLens-trimmed-split-HoloLens2-filtered-with-DNS-endpoints-ipv6,,,,,
2001:1900:235d:d00::1fe,None,None,Level 3 Parent (CDN),United States,None,36,3890,21,2234,15,1656,US2-HoloLens-trimmed-split-HoloLens2-filtered-with-DNS-endpoints-ipv6,,,,,
2001:1900:23b0:1::1fe,None,None,Level 3 Parent (CDN),United States,None,15,2336,7,1198,8,1138,US2-HoloLens-trimmed-split-HoloLens2-filtered-with-DNS-endpoints-ipv6,,,,,
2001:1900:23b0:11::1fe,None,None,Level 3 Parent (CDN),United States,None,98,17566,54,13262,44,4304,US2-HoloLens-trimmed-split-HoloLens2-filtered-with-DNS-endpoints-ipv6,,,,,
2001:1900:23b0:15::1fe,None,None,Level 3 Parent (CDN),United States,None,26,2565,12,1235,14,1330,US2-HoloLens-trimmed-split-HoloLens2-filtered-with-DNS-endpoints-ipv6,,,,,
2001:1900:23b0:17::1fe,None,None,Level 3 Parent (CDN),United States,None,36,3890,21,2234,15,1656,US2-HoloLens-trimmed-split-HoloLens2-filtered-with-DNS-endpoints-ipv6,,,,,
2001:1900:23b0:1b::1fe,None,None,Level 3 Parent (CDN),United States,None,26,2533,12,1233,14,1300,US2-HoloLens-trimmed-split-HoloLens2-filtered-with-DNS-endpoints-ipv6,,,,,
2001:1900:23b0:7::1fe,None,None,Level 3 Parent (CDN),United States,None,30,4672,14,2396,16,2276,US2-HoloLens-trimmed-split-HoloLens2-filtered-with-DNS-endpoints-ipv6,,,,,
2001:1900:23b0:9::1fe,None,None,Level 3 Parent (CDN),United States,None,72,7780,42,4468,30,3312,US2-HoloLens-trimmed-split-HoloLens2-filtered-with-DNS-endpoints-ipv6,,,,,
168.61.215.74,None,None,Microsoft,United States,None,24,2160,12,1080,12,1080,US2-HoloLens-trimmed-split-HoloLens2-filtered-with-DNS-endpoints,,,,,
2603:1030:408:3::86,None,None,Microsoft,United States,None,86,21406,38,14656,48,6750,US2-HoloLens-trimmed-split-HoloLens2-filtered-with-DNS-endpoints-ipv6,,,,,
2603:1030:408:7::3d,None,None,Microsoft,United States,None,114,91630,54,15745,60,75885,US2-HoloLens-trimmed-split-HoloLens2-filtered-with-DNS-endpoints-ipv6,,,,,
2603:1030:7::10,None,None,Microsoft,United States,None,35,16226,15,11158,20,5068,US2-HoloLens-trimmed-split-HoloLens2-filtered-with-DNS-endpoints-ipv6,,,,,
2603:1030:7::106,None,None,Microsoft,United States,None,145,110518,70,20827,75,89691,US2-HoloLens-trimmed-split-HoloLens2-filtered-with-DNS-endpoints-ipv6,,,,,
2603:1030:7::107,None,None,Microsoft,United States,None,22,5358,9,3596,13,1762,US2-HoloLens-trimmed-split-HoloLens2-filtered-with-DNS-endpoints-ipv6,,,,,
2603:1030:800:5::bfee:a08d,None,None,Microsoft,United States,None,277,500062,159,290768,118,209294,US2-HoloLens-trimmed-split-HoloLens2-filtered-with-DNS-endpoints-ipv6,,,,,
2603:1030:c02:2::284,None,None,Microsoft,United States,None,173,172957,82,51679,91,121278,US2-HoloLens-trimmed-split-HoloLens2-filtered-with-DNS-endpoints-ipv6,,,,,
2603:1030:c02:2::2e9,None,None,Microsoft,United States,None,46,10903,21,7456,25,3447,US2-HoloLens-trimmed-split-HoloLens2-filtered-with-DNS-endpoints-ipv6,,,,,
2603:1030:c02:2::42d,None,None,Microsoft,United States,None,37,16374,17,11306,20,5068,US2-HoloLens-trimmed-split-HoloLens2-filtered-with-DNS-endpoints-ipv6,,,,,
2603:1036:206:15::2,None,None,Microsoft,United States,None,31,13276,20,8707,11,4569,US2-HoloLens-trimmed-split-HoloLens2-filtered-with-DNS-endpoints-ipv6,,,,,
240e:97c:2f:1::9f,None,None,Local,China,None,36,11347,16,2317,20,9030,US1-DreamGlassAir-trimmed-split-DreamGlassAir-filtered-with-DNS-endpoints-ipv6,,,,,
240e:97c:2f:2::4a,None,None,Local,China,None,90,28464,40,5790,50,22674,US1-DreamGlassAir-trimmed-split-DreamGlassAir-filtered-with-DNS-endpoints-ipv6,,,,,
2603:1036:302:4000::2,None,None,Microsoft,United States,None,37,12922,22,8380,15,4542,US2-HoloLens-trimmed-split-HoloLens2-filtered-with-DNS-endpoints-ipv6,,,,,
2603:1036:302:4014::2,None,None,Microsoft,United States,None,80,45363,48,27136,32,18227,US2-HoloLens-trimmed-split-HoloLens2-filtered-with-DNS-endpoints-ipv6,,,,,
2603:1036:302:4028::2,None,None,Microsoft,United States,None,170,84398,103,53630,67,30768,US2-HoloLens-trimmed-split-HoloLens2-filtered-with-DNS-endpoints-ipv6,,,,,
2603:1036:302:403c::2,None,None,Microsoft,United States,None,30,12915,20,8420,10,4495,US2-HoloLens-trimmed-split-HoloLens2-filtered-with-DNS-endpoints-ipv6,,,,,
2603:1036:302:4094::2,None,None,Microsoft,United States,None,281,133587,196,72210,85,61377,US2-HoloLens-trimmed-split-HoloLens2-filtered-with-DNS-endpoints-ipv6,,,,,
2603:1036:302:40b4::2,None,None,Microsoft,United States,None,371,202722,237,116194,134,86528,US2-HoloLens-trimmed-split-HoloLens2-filtered-with-DNS-endpoints-ipv6,,,,,
2603:1036:302:40d0::2,None,None,Microsoft,United States,None,29,13254,19,8759,10,4495,US2-HoloLens-trimmed-split-HoloLens2-filtered-with-DNS-endpoints-ipv6,,,,,
2603:1036:302:40e0::2,None,None,Microsoft,United States,None,31,12989,20,8420,11,4569,US2-HoloLens-trimmed-split-HoloLens2-filtered-with-DNS-endpoints-ipv6,,,,,
2603:1036:302:4154::2,None,None,Microsoft,United States,None,88,38945,58,25448,30,13497,US2-HoloLens-trimmed-split-HoloLens2-filtered-with-DNS-endpoints-ipv6,,,,,
2603:1036:302:4155::2,None,None,Microsoft,United States,None,330,163599,226,89148,104,74451,US2-HoloLens-trimmed-split-HoloLens2-filtered-with-DNS-endpoints-ipv6,,,,,
2603:1036:302:4159::2,None,None,Microsoft,United States,None,30,13200,20,8705,10,4495,US2-HoloLens-trimmed-split-HoloLens2-filtered-with-DNS-endpoints-ipv6,,,,,
2603:1036:302:415a::2,None,None,Microsoft,United States,None,140,74592,83,44324,57,30268,US2-HoloLens-trimmed-split-HoloLens2-filtered-with-DNS-endpoints-ipv6,,,,,
2603:1036:302:415b::2,None,None,Microsoft,United States,None,30,13151,20,8644,10,4507,US2-HoloLens-trimmed-split-HoloLens2-filtered-with-DNS-endpoints-ipv6,,,,,
2603:1036:302:415c::2,None,None,Microsoft,United States,None,214,148767,125,82993,89,65774,US2-HoloLens-trimmed-split-HoloLens2-filtered-with-DNS-endpoints-ipv6,,,,,
2603:1036:302:415d::2,None,None,Microsoft,United States,None,144,72229,88,46042,56,26187,US2-HoloLens-trimmed-split-HoloLens2-filtered-with-DNS-endpoints-ipv6,,,,,
2603:1036:302:415e::2,None,None,Microsoft,United States,None,30,12915,20,8420,10,4495,US2-HoloLens-trimmed-split-HoloLens2-filtered-with-DNS-endpoints-ipv6,,,,,
2603:1036:302:481e::2,None,None,Microsoft,United States,None,35,13075,21,8602,14,4473,US2-HoloLens-trimmed-split-HoloLens2-filtered-with-DNS-endpoints-ipv6,,,,,
2603:1036:302:4830::2,None,None,Microsoft,United States,None,52,22417,33,13762,19,8655,US2-HoloLens-trimmed-split-HoloLens2-filtered-with-DNS-endpoints-ipv6,,,,,
2603:1036:302:4831::2,None,None,Microsoft,United States,None,72,26018,43,17005,29,9013,US2-HoloLens-trimmed-split-HoloLens2-filtered-with-DNS-endpoints-ipv6,,,,,
2603:1036:302:4832::2,None,None,Microsoft,United States,None,38,12993,23,8452,15,4541,US2-HoloLens-trimmed-split-HoloLens2-filtered-with-DNS-endpoints-ipv6,,,,,
2603:1036:302:4833::2,None,None,Microsoft,United States,None,114,39565,69,25941,45,13624,US2-HoloLens-trimmed-split-HoloLens2-filtered-with-DNS-endpoints-ipv6,,,,,
2603:1036:302:4834::2,None,None,Microsoft,United States,None,113,41038,64,24301,49,16737,US2-HoloLens-trimmed-split-HoloLens2-filtered-with-DNS-endpoints-ipv6,,,,,
2603:1036:302:4836::2,None,None,Microsoft,United States,None,75,26221,46,17208,29,9013,US2-HoloLens-trimmed-split-HoloLens2-filtered-with-DNS-endpoints-ipv6,,,,,
2603:1036:302:4840::2,None,None,Microsoft,United States,None,69,25512,41,16576,28,8936,US2-HoloLens-trimmed-split-HoloLens2-filtered-with-DNS-endpoints-ipv6,,,,,
2603:1036:302:4843::2,None,None,Microsoft,United States,None,144,61291,79,36584,65,24707,US2-HoloLens-trimmed-split-HoloLens2-filtered-with-DNS-endpoints-ipv6,,,,,
2603:1036:302:4845::2,None,None,Microsoft,United States,None,29,13116,19,8621,10,4495,US2-HoloLens-trimmed-split-HoloLens2-filtered-with-DNS-endpoints-ipv6,,,,,
2603:1036:302:4847::2,None,None,Microsoft,United States,None,155,86936,89,54043,66,32893,US2-HoloLens-trimmed-split-HoloLens2-filtered-with-DNS-endpoints-ipv6,,,,,
2603:1036:302:5059::2,None,None,Microsoft,United States,None,85,42008,51,26397,34,15611,US2-HoloLens-trimmed-split-HoloLens2-filtered-with-DNS-endpoints-ipv6,,,,,
2603:1036:302:505a::2,None,None,Microsoft,United States,None,28,13096,18,8601,10,4495,US2-HoloLens-trimmed-split-HoloLens2-filtered-with-DNS-endpoints-ipv6,,,,,
2603:1036:302:505b::2,None,None,Microsoft,United States,None,32,13338,21,8769,11,4569,US2-HoloLens-trimmed-split-HoloLens2-filtered-with-DNS-endpoints-ipv6,,,,,
2603:1036:302:505c::2,None,None,Microsoft,United States,None,30,13190,20,8695,10,4495,US2-HoloLens-trimmed-split-HoloLens2-filtered-with-DNS-endpoints-ipv6,,,,,
2603:1036:302:505d::2,None,None,Microsoft,United States,None,31,12999,20,8430,11,4569,US2-HoloLens-trimmed-split-HoloLens2-filtered-with-DNS-endpoints-ipv6,,,,,
2603:1036:302:505e::2,None,None,Microsoft,United States,None,145,103793,79,60599,66,43194,US2-HoloLens-trimmed-split-HoloLens2-filtered-with-DNS-endpoints-ipv6,,,,,
2603:1036:302:505f::2,None,None,Microsoft,United States,None,61,26424,40,17360,21,9064,US2-HoloLens-trimmed-split-HoloLens2-filtered-with-DNS-endpoints-ipv6,,,,,
2603:1036:302:5061::2,None,None,Microsoft,United States,None,36,13150,22,8677,14,4473,US2-HoloLens-trimmed-split-HoloLens2-filtered-with-DNS-endpoints-ipv6,,,,,
2603:1036:302:5062::2,None,None,Microsoft,United States,None,49,19418,28,12581,21,6837,US2-HoloLens-trimmed-split-HoloLens2-filtered-with-DNS-endpoints-ipv6,,,,,
2603:1036:302:834::2,None,None,Microsoft,United States,None,56,29739,31,18489,25,11250,US2-HoloLens-trimmed-split-HoloLens2-filtered-with-DNS-endpoints-ipv6,,,,,
2603:1036:302:840::2,None,None,Microsoft,United States,None,30,13188,20,8693,10,4495,US2-HoloLens-trimmed-split-HoloLens2-filtered-with-DNS-endpoints-ipv6,,,,,
2603:1036:302:854::2,None,None,Microsoft,United States,None,29,13116,19,8621,10,4495,US2-HoloLens-trimmed-split-HoloLens2-filtered-with-DNS-endpoints-ipv6,,,,,
2603:1036:302:860::2,None,None,Microsoft,United States,None,61,34153,33,20377,28,13776,US2-HoloLens-trimmed-split-HoloLens2-filtered-with-DNS-endpoints-ipv6,,,,,
2603:1036:302:874::2,None,None,Microsoft,United States,None,312,150737,209,81975,103,68762,US2-HoloLens-trimmed-split-HoloLens2-filtered-with-DNS-endpoints-ipv6,,,,,
2603:1036:303:3802::2,None,None,Microsoft,United States,None,32,13336,19,8619,13,4717,US2-HoloLens-trimmed-split-HoloLens2-filtered-with-DNS-endpoints-ipv6,,,,,
2603:1037:1:130::80,None,None,Microsoft,United States,None,18,8693,8,5735,10,2958,US2-HoloLens-trimmed-split-HoloLens2-filtered-with-DNS-endpoints-ipv6,,,,,
2603:c020:0:8369:fec0:b7f:603:2601,None,None,Oracle,United States,None,2,220,1,110,1,110,US1-DreamGlassAir-trimmed-split-DreamGlassAir-filtered-with-DNS-endpoints-ipv6,,,,,
2603:c020:0:8369:feed:feed:feed:feed,None,None,Oracle,United States,None,2,220,1,110,1,110,US1-DreamGlassAir-trimmed-split-DreamGlassAir-filtered-with-DNS-endpoints-ipv6,,,,,
fdb3:3744:776d::1,None,None,Local,None,None,4458,1219204,2229,1004994,2229,214210,US1-MetaquestPro-trimmed-split-MetaquestPro-filtered-with-DNS-endpoints-ipv6,,,,,
44.190.40.123,None,None,UNKNOWN,United States,None,2,180,1,90,1,90,US2-MagicLeap-trimmed-split-MagicLeap-filtered-with-DNS-endpoints,,,,,
ff02::1:3,None,None,Multicast (LLMNR),None,None,1973,181516,0,0,1973,181516,US2-HoloLens-trimmed-split-HoloLens2-filtered-with-DNS-endpoints-ipv6,,,,,
ff02::c:c,None,None,Multicast (mDNS),None,None,2,214,0,0,2,214,EU-non-huebridge-unified-trimmed-split-GoogleHome-filtered-with-DNS-endpoints-ipv6,,,,,
ff02::fb,None,None,Multicast (mDNS),None,None,23078,5993467,0,0,23078,5993467,EU-non-huebridge-unified-trimmed-split-SonyTV-filtered-with-DNS-endpoints,,,,,
ff02::fb,None,None,Multicast (mDNS),None,None,175,17325,0,0,175,17325,EU-non-huebridge-unified-trimmed-split-EchoDot3-filtered-with-DNS-endpoints-ipv6,,,,,
ff02::fb,None,None,Multicast (mDNS),None,None,193,19035,0,0,193,19035,EU-non-huebridge-unified-trimmed-split-EchoShow5-filtered-with-DNS-endpoints-ipv6,,,,,
ff02::fb,None,None,Multicast (mDNS),None,None,35778,8570164,0,0,35778,8570164,EU-non-huebridge-unified-trimmed-split-GoogleHome-filtered-with-DNS-endpoints-ipv6,,,,,
ff02::fb,None,None,Multicast (mDNS),None,None,35621,8643016,0,0,35621,8643016,EU-non-huebridge-unified-trimmed-split-NestMini-filtered-with-DNS-endpoints-ipv6,,,,,
ff02::fb,None,None,Multicast (mDNS),None,None,23078,5993467,0,0,23078,5993467,EU-non-huebridge-unified-trimmed-split-SonyTV-filtered-with-DNS-endpoints-ipv6,,,,,
ff02::fb,None,None,Multicast (mDNS),None,None,300,29695,0,0,300,29695,US1-IoT-unified-trimmed-split-EchoDot5-filtered-with-DNS-endpoints-ipv6,,,,,
ff02::fb,None,None,Multicast (mDNS),None,None,14916,5171056,0,0,14916,5171056,US1-IoT-unified-trimmed-split-PhillipsBridge-filtered-with-DNS-endpoints-ipv6,,,,,
ff02::fb,None,None,Multicast (mDNS),None,None,4294,836607,0,0,4294,836607,US2-HoloLens-trimmed-split-HoloLens2-filtered-with-DNS-endpoints-ipv6,,,,,
ff05::c0c,None,None,Multicast,None,None,1,107,0,0,1,107,EU-non-huebridge-unified-trimmed-split-GoogleHome-filtered-with-DNS-endpoints-ipv6,,,,,
