File, Layer,Classification, Proto, Packets, Bytes, TxPackets, TxBytes, RxPackets, RxBytes,LanPackets,LanBytes,LanTxPackets,LanTxBytes,LanRxPackets,LanRxBytes,WanPackets,WanBytes,WanTxPackets,WanTxBytes,WanRxPackets,WanRxBytes,,,,,,,,,,,,,,,,,,,,,,,,,,
Overall,Total,,Total,17214590,7714002759,10951361,3084433826,6263229,4629568933,17191719,7712688653,10928490,3083119720,2695789,314675704,17191719,7712688653,10928490,3083119720,3567440,4314893229,,,,,,,,,,,,,,,,,,,,,,,,,,
Overall,Layer 3,,ip,10545449,2701061133,7000253,2080081955,3545196,620979178,8641939,2078300400,5946150,1763624696,2695789,314675704,1880639,621446627,1031232,315143153,849407,306303474,PhilipsBridge,DLink,EchoDot3,EchoShow5,GoogleHome,MaxcioSmartStrip,NestCamera,NestMini,NestThermostat,SonyTV,TPLink,TPLinkLight,DreamGlassAir,AmazonLight,EchoDot5,Govee,Litokam,Netvue,PhillipsBridge,TPLink,MetaquestPro,HoloLens2,MagicLeap,MetaQuest1,MetaQuest2,Roborock
Overall,Layer 3,,ipv6,6669141,5012941626,3951108,1004351871,2718033,4008589755,116331,29462202,116331,29462202,0,0,6552810,4983479424,3834777,974889669,2718033,4008589755,EchoDot3,EchoShow5,GoogleHome,NestMini,SonyTV,DreamGlassAir,EchoDot5,PhillipsBridge,MetaquestPro,HoloLens2,MetaQuest1,MetaQuest2,,,,,,,,,,,,,,
Overall,Layer 4,,tcp,10340842,5967562290,5819108,1470728009,4521734,4496834281,1921212,365162268,960638,182646953,960574,182515315,8419630,5602400022,4858470,1288081056,3561160,4314318966,PhilipsBridge,DLink,EchoDot3,EchoShow5,GoogleHome,MaxcioSmartStrip,NestCamera,NestMini,NestThermostat,SonyTV,TPLink,TPLinkLight,DreamGlassAir,AmazonLight,EchoDot5,Govee,Litokam,Netvue,PhillipsBridge,TPLink,MetaquestPro,HoloLens2,MagicLeap,MetaQuest1,MetaQuest2,Roborock
Overall,Layer 4,,udp,6850877,1745126363,5109382,1612391711,1741495,132734652,6837058,1742600334,5101843,1610439945,1735215,132160389,13819,2526029,7539,1951766,6280,574263,PhilipsBridge,DLink,EchoDot3,EchoShow5,GoogleHome,MaxcioSmartStrip,NestCamera,NestMini,NestThermostat,SonyTV,TPLink,TPLinkLight,DreamGlassAir,AmazonLight,EchoDot5,Govee,Litokam,Netvue,PhillipsBridge,TPLink,MetaquestPro,HoloLens2,MagicLeap,MetaQuest1,MetaQuest2,Roborock
Overall,Layer 4,,igmp,22871,1314106,22871,1314106,0,0,399602,108698316,199801,54349158,199801,54349158,1501968,1422470996,602572,297640744,899396,1124830252,PhilipsBridge,GoogleHome,MaxcioSmartStrip,NestMini,EchoDot5,PhillipsBridge,HoloLens2,,,,,,,,,,,,,,,,,,,
Overall,Layer 5,,tls,1901570,1531169312,802373,351989902,1099197,1179179410,1060004,223597874,530034,111863502,529970,111734372,114795,23471133,64083,10168046,50712,13303087,PhilipsBridge,DLink,EchoDot3,EchoShow5,GoogleHome,MaxcioSmartStrip,NestCamera,NestMini,NestThermostat,SonyTV,TPLink,TPLinkLight,DreamGlassAir,AmazonLight,EchoDot5,Govee,Litokam,Netvue,PhillipsBridge,TPLink,MetaquestPro,HoloLens2,MagicLeap,MetaQuest1,MetaQuest2,Roborock
Overall,Layer 7,,http,1174799,247069007,594117,122031548,580682,125037459,2671664,1022529378,2605766,1000255854,65898,22273524,0,0,0,0,0,0,PhilipsBridge,DLink,EchoDot3,EchoShow5,GoogleHome,NestCamera,NestMini,NestThermostat,SonyTV,DreamGlassAir,EchoDot5,Govee,Netvue,PhillipsBridge,MetaquestPro,HoloLens2,MagicLeap,MetaQuest1,MetaQuest2,,,,,,,
Overall,Layer 7,,ssdp,2671664,1022529378,2605766,1000255854,65898,22273524,0,0,0,0,0,0,11992,1118780,6129,571550,5863,547230,PhilipsBridge,EchoDot3,EchoShow5,SonyTV,DreamGlassAir,EchoDot5,Netvue,PhillipsBridge,,,,,,,,,,,,,,,,,,
Overall,Layer 7,,ntp,11992,1118780,6129,571550,5863,547230,0,0,0,0,0,0,7976847,5548594304,4602524,1260884320,3374323,4287709984,PhilipsBridge,EchoDot3,EchoShow5,GoogleHome,NestCamera,NestMini,NestThermostat,SonyTV,TPLink,TPLinkLight,DreamGlassAir,AmazonLight,EchoDot5,Govee,PhillipsBridge,TPLink,MetaquestPro,HoloLens2,MagicLeap,MetaQuest1,MetaQuest2,,,,,
Overall,Layer 7,,https,7976847,5548594304,4602524,1260884320,3374323,4287709984,536768,447930504,536768,447930504,0,0,0,0,0,0,0,0,PhilipsBridge,DLink,EchoDot3,EchoShow5,GoogleHome,MaxcioSmartStrip,NestCamera,NestMini,NestThermostat,SonyTV,TPLink,TPLinkLight,DreamGlassAir,AmazonLight,EchoDot5,Litokam,Netvue,PhillipsBridge,TPLink,MetaquestPro,HoloLens2,MagicLeap,MetaQuest1,MetaQuest2,Roborock,
Overall,Layer 7,,mdns,536768,447930504,536768,447930504,0,0,14,938,14,938,0,0,0,0,0,0,0,0,DLink,EchoDot3,EchoShow5,GoogleHome,NestMini,SonyTV,DreamGlassAir,EchoDot5,PhillipsBridge,HoloLens2,,,,,,,,,,,,,,,,
Overall,Layer 7,,34484,14,938,14,938,0,0,13,871,13,871,0,0,0,0,0,0,0,0,DLink,,,,,,,,,,,,,,,,,,,,,,,,,
Overall,Layer 7,,48564,13,871,13,871,0,0,9,603,9,603,0,0,0,0,0,0,0,0,DLink,,,,,,,,,,,,,,,,,,,,,,,,,
Overall,Layer 7,,44006,9,603,9,603,0,0,0,0,0,0,0,0,4,248,4,248,0,0,DLink,,,,,,,,,,,,,,,,,,,,,,,,,
Overall,Layer 7,,stun,4,248,4,248,0,0,49561,32220797,29319,16432632,20242,15788165,0,0,0,0,0,0,DLink,,,,,,,,,,,,,,,,,,,,,,,,,
Overall,Layer 7,,tplink-smarthome,49561,32220797,29319,16432632,20242,15788165,2025720,109388864,1012860,54694432,1012860,54694432,0,0,0,0,0,0,EchoDot3,EchoShow5,GoogleHome,NestMini,TPLink,TPLinkLight,EchoDot5,TPLink,,,,,,,,,,,,,,,,,,
Overall,Layer 7,,55444,2025720,109388864,1012860,54694432,1012860,54694432,2920,1057100,420,58590,2500,998510,0,0,0,0,0,0,EchoDot3,EchoShow5,,,,,,,,,,,,,,,,,,,,,,,,
Overall,Layer 7,,50000,2920,1057100,420,58590,2500,998510,384,52608,384,52608,0,0,0,0,0,0,0,0,EchoDot3,EchoShow5,,,,,,,,,,,,,,,,,,,,,,,,
Overall,Layer 7,,1982,384,52608,384,52608,0,0,384,29952,384,29952,0,0,0,0,0,0,0,0,EchoDot3,EchoShow5,EchoDot5,,,,,,,,,,,,,,,,,,,,,,,
Overall,Layer 7,,56700,384,29952,384,29952,0,0,286286,76445322,143143,38222661,143143,38222661,286286,76445322,0,0,0,0,EchoDot3,EchoShow5,EchoDot5,,,,,,,,,,,,,,,,,,,,,,,
Overall,Layer 7,,55443,286286,76445322,143143,38222661,143143,38222661,794722,49272764,397361,24636382,397361,24636382,0,0,0,0,0,0,EchoDot3,EchoShow5,,,,,,,,,,,,,,,,,,,,,,,,
Overall,Layer 7,,10006,794722,49272764,397361,24636382,397361,24636382,463104,28712448,231552,14356224,231552,14356224,0,0,0,0,0,0,GoogleHome,NestMini,,,,,,,,,,,,,,,,,,,,,,,,
Overall,Layer 7,,10001,463104,28712448,231552,14356224,231552,14356224,391765,37105251,199801,17964269,189832,17096942,379044,35998500,0,0,0,0,GoogleHome,NestMini,,,,,,,,,,,,,,,,,,,,,,,,
Overall,Layer 7,,10101,391765,37105251,199801,17964269,189832,17096942,8517,698394,8517,698394,0,0,0,0,0,0,0,0,GoogleHome,NestMini,,,,,,,,,,,,,,,,,,,,,,,,
Overall,Layer 7,,9478,8517,698394,8517,698394,0,0,12144,534336,6072,267168,6072,267168,0,0,0,0,0,0,GoogleHome,NestMini,,,,,,,,,,,,,,,,,,,,,,,,
Overall,Layer 7,,1111,12144,534336,6072,267168,6072,267168,71392,6414799,0,0,0,0,71392,6414799,34468,2715325,36866,3590499,GoogleHome,NestMini,TPLink,TPLinkLight,,,,,,,,,,,,,,,,,,,,,,
Overall,Layer 7,,5228,71392,6414799,34468,2715325,36866,3590499,35004,7935676,16566,3048346,16566,3048346,35004,7935676,0,0,0,0,GoogleHome,NestMini,SonyTV,,,,,,,,,,,,,,,,,,,,,,,
Overall,Layer 7,,10005,35004,7935676,16566,3048346,16566,3048346,30228,7869704,14050,2890194,14050,2890194,30228,7869704,0,0,0,0,GoogleHome,NestMini,,,,,,,,,,,,,,,,,,,,,,,,
Overall,Layer 7,,8012,30228,7869704,14050,2890194,14050,2890194,110798,19301150,53360,7517228,53360,7517228,110798,19301150,0,0,0,0,GoogleHome,NestMini,,,,,,,,,,,,,,,,,,,,,,,,
Overall,Layer 7,,9000,110798,19301150,53360,7517228,53360,7517228,23674,1989240,0,0,0,0,23674,1989240,13097,1019573,10577,969667,GoogleHome,NestMini,,,,,,,,,,,,,,,,,,,,,,,,
Overall,Layer 7,,8886,23674,1989240,13097,1019573,10577,969667,134875,34888706,134875,34888706,0,0,0,0,0,0,0,0,MaxcioSmartStrip,,,,,,,,,,,,,,,,,,,,,,,,,
Overall,Layer 7,,6667,134875,34888706,134875,34888706,0,0,2429,733934,0,0,0,0,2429,733934,1313,237549,1025,425952,MaxcioSmartStrip,Litokam,,,,,,,,,,,,,,,,,,,,,,,,
Overall,Layer 7,,9543,2429,733934,1313,237549,1025,425952,0,0,0,0,0,0,218891,20384944,135204,12423205,83687,7961739,NestThermostat,,,,,,,,,,,,,,,,,,,,,,,,,
Overall,Layer 7,,secure-mqtt,218891,20384944,135204,12423205,83687,7961739,0,0,0,0,0,0,834,50313,417,23280,417,27033,AmazonLight,Govee,Litokam,Netvue,Roborock,,,,,,,,,,,,,,,,,,,,,
Overall,Layer 7,,8555,834,50313,417,23280,417,27033,3946,323572,3946,323572,0,0,0,0,0,0,0,0,Netvue,,,,,,,,,,,,,,,,,,,,,,,,,
Overall,Layer 7,,llmnr,3946,323572,3946,323572,0,0,122804,14859284,122804,14859284,0,0,0,0,0,0,0,0,HoloLens2,,,,,,,,,,,,,,,,,,,,,,,,,
Overall,Layer 7,,58866,122804,14859284,122804,14859284,0,0,,,,,,,,,,,,,Roborock,,,,,,,,,,,,,,,,,,,,,,,,,
,,,,,,,,,,76322,14583353,53638,12870184,0,0,76322,14583353,53638,12870184,22684,1713169,,,,,,,,,,,,,,,,,,,,,,,,,,
PhilipsBridge,Total,,Total,80566,14812529,57882,13099360,22684,1713169,30354,10654254,30354,10654254,0,0,45968,3929099,23284,2215930,22684,1713169,,,,,,,,,,,,,,,,,,,,,,,,,,
PhilipsBridge,Layer 3,,ip,80566,14812529,57882,13099360,22684,1713169,0,0,0,0,0,0,44931,3835769,22717,2164900,22214,1670869,,,,,,,,,,,,,,,,,,,,,,,,,,
PhilipsBridge,Layer 4,,tcp,44931,3835769,22717,2164900,22214,1670869,30354,10654254,30354,10654254,0,0,1037,93330,567,51030,470,42300,,,,,,,,,,,,,,,,,,,,,,,,,,
PhilipsBridge,Layer 4,,udp,31391,10747584,30921,10705284,470,42300,0,0,0,0,0,0,7465,1773563,4085,1123208,3380,650355,,,,,,,,,,,,,,,,,,,,,,,,,,
PhilipsBridge,Layer 4,,igmp,4244,229176,4244,229176,0,0,0,0,0,0,0,0,37,4609,19,3078,18,1531,,,,,,,,,,,,,,,,,,,,,,,,,,
PhilipsBridge,Layer 5,,tls,7465,1773563,4085,1123208,3380,650355,30354,10654254,30354,10654254,0,0,0,0,0,0,0,0,,,,,,,,,,,,,,,,,,,,,,,,,,
PhilipsBridge,Layer 7,,http,37,4609,19,3078,18,1531,0,0,0,0,0,0,1037,93330,567,51030,470,42300,Sends diagnostics 1st party,,,,,,,,,,,,,,,,,,,,,,,,,
PhilipsBridge,Layer 7,,ssdp,30354,10654254,30354,10654254,0,0,0,0,0,0,0,0,44894,3831160,22698,2161822,22196,1669338,,,,,,,,,,,,,,,,,,,,,,,,,,
PhilipsBridge,Layer 7,,ntp,1037,93330,567,51030,470,42300,,,,,,,,,,,,,,,,,,,,,,,,,,,,,,,,,,,,,,
PhilipsBridge,Layer 7,,https,44894,3831160,22698,2161822,22196,1669338,113671,101371518,67179,97461921,0,0,113671,101371518,67179,97461921,46492,3909597,,,,,,,,,,,,,,,,,,,,,,,,,,
,,,,,,,,,,220,35916,220,35916,0,0,113451,101335602,66959,97426005,46492,3909597,,,,,,,,,,,,,,,,,,,,,,,,,,
DLink,Total,,Total,113671,101371518,67179,97461921,46492,3909597,0,0,0,0,0,0,113447,101335354,66955,97425757,46492,3909597,,,,,,,,,,,,,,,,,,,,,,,,,,
DLink,Layer 3,,ip,113671,101371518,67179,97461921,46492,3909597,220,35916,220,35916,0,0,4,248,4,248,0,0,,,,,,,,,,,,,,,,,,,,,,,,,,
DLink,Layer 4,,tcp,113447,101335354,66955,97425757,46492,3909597,0,0,0,0,0,0,13070,9327871,8614,8204062,4456,1123809,,,,,,,,,,,,,,,,,,,,,,,,,,
DLink,Layer 4,,udp,224,36164,224,36164,0,0,0,0,0,0,0,0,157,55555,65,47519,92,8036,,,,,,,,,,,,,,,,,,,,,,,,,,
DLink,Layer 5,,tls,13070,9327871,8614,8204062,4456,1123809,184,33504,184,33504,0,0,0,0,0,0,0,0,,,,,,,,,,,,,,,,,,,,,,,,,,
DLink,Layer 7,,http,157,55555,65,47519,92,8036,0,0,0,0,0,0,113290,101279799,66890,97378238,46400,3901561,"Used to fetch certs and upgrade Websocket to secure websocket, then secure websocket is used for communication",,,,,,,,,,,,,,,,,,,,,,,,,
DLink,Layer 7,,mdns,184,33504,184,33504,0,0,14,938,14,938,0,0,0,0,0,0,0,0,Responds with type and name,,,,,,,,,,,,,,,,,,,,,,,,,
DLink,Layer 7,,https,113290,101279799,66890,97378238,46400,3901561,13,871,13,871,0,0,0,0,0,0,0,0,,,,,,,,,,,,,,,,,,,,,,,,,,
DLink,Layer 7,,34484,14,938,14,938,0,0,9,603,9,603,0,0,0,0,0,0,0,0,"UDP sends to IPS gotten before the router was configured properly, memory?",,,,,,,,,,,,,,,,,,,,,,,,,
DLink,Layer 7,,48564,13,871,13,871,0,0,0,0,0,0,0,0,4,248,4,248,0,0,"UDP sends to IPS gotten before the router was configured properly, memory?",,,,,,,,,,,,,,,,,,,,,,,,,
DLink,Layer 7,,44006,9,603,9,603,0,0,,,,,,,,,,,,,"UDP sends to IPS gotten before the router was configured properly, memory?",,,,,,,,,,,,,,,,,,,,,,,,,
DLink,Layer 7,,stun,4,248,4,248,0,0,1352122,161486409,671365,66323151,596764,56485470,1352122,161486409,671365,66323151,83993,38677788,STUN for VoIP,,,,,,,,,,,,,,,,,,,,,,,,,
,,,,,,,,,,1169740,95058208,572976,38572738,596764,56485470,182207,66410876,98214,27733088,83993,38677788,,,,,,,,,,,,,,,,,,,,,,,,,,
EchoDot3,Total,,Total,1352122,161486409,671365,66323151,680757,95163258,175,17325,175,17325,0,0,0,0,0,0,0,0,,,,,,,,,,,,,,,,,,,,,,,,,,
EchoDot3,Layer 3,,ip,1351947,161469084,671190,66305826,680757,95163258,154133,39550954,65278,13109181,88855,26441773,182203,66410516,98212,27732908,83991,38677608,,,,,,,,,,,,,,,,,,,,,,,,,,
EchoDot3,Layer 3,,ipv6,175,17325,175,17325,0,0,1015782,55524579,507873,25480882,507909,30043697,4,360,2,180,2,180,,,,,,,,,,,,,,,,,,,,,,,,,,
EchoDot3,Layer 4,,tcp,336336,105961470,163490,40842089,172846,65119381,85045,34384081,55422,12446087,29623,21937994,76790,46363147,44854,23954999,31936,22408148,,,,,,,,,,,,,,,,,,,,,,,,,,
EchoDot3,Layer 4,,udp,1015786,55524939,507875,25481062,507911,30043877,3671,285064,1853,144472,1818,140592,9512,1166901,4350,506917,5162,659984,,,,,,,,,,,,,,,,,,,,,,,,,,
EchoDot3,Layer 5,,tls,161835,80747228,100276,36401086,61559,44346142,1722,665704,834,69582,888,596122,0,0,0,0,0,0,,,,,,,,,,,,,,,,,,,,,,,,,,
EchoDot3,Layer 7,,http,13183,1451965,6203,651389,6980,800576,836,94256,836,94256,0,0,0,0,0,0,0,0,"connectivity and captive portal checks, requests SSDP device desc from Sony TV (only model name) gets ssdp unpn data such as service lists and control addresses, send metrics to 1st party",,,,,,,,,,,,,,,,,,,,,,,,,
EchoDot3,Layer 7,,tplink-smarthome,1722,665704,834,69582,888,596122,210,29295,210,29295,0,0,0,0,0,0,0,0,"Requests information from tp link devices via broadcast and TCP, recv over UDP/TCP",,,,,,,,,,,,,,,,,,,,,,,,,
EchoDot3,Layer 7,,mdns,836,94256,836,94256,0,0,0,0,0,0,0,0,4,360,2,180,2,180,Responds with type and name,,,,,,,,,,,,,,,,,,,,,,,,,
EchoDot3,Layer 7,,ssdp,210,29295,210,29295,0,0,1012860,54694432,506431,25321550,506429,29372882,0,0,0,0,0,0,UPnP,,,,,,,,,,,,,,,,,,,,,,,,,
EchoDot3,Layer 7,,ntp,4,360,2,180,2,180,1450,524540,210,29295,1240,495245,0,0,0,0,0,0,,,,,,,,,,,,,,,,,,,,,,,,,,
EchoDot3,Layer 7,,55444,1012860,54694432,506431,25321550,506429,29372882,105,14385,105,14385,0,0,0,0,0,0,0,0,"Echo dot communication, most likely time sync, https://media.defcon.org/DEF%20CON%2026/DEF%20CON%2026%20presentations/DEFCON-26-Wu-HuiYu-and-Qian-Wenxiang-Breaking-Smart-Speakers-Updated.pdf",,,,,,,,,,,,,,,,,,,,,,,,,
EchoDot3,Layer 7,,50000,1450,524540,210,29295,1240,495245,105,8190,105,8190,0,0,0,0,0,0,0,0,Recv UPnP,,,,,,,,,,,,,,,,,,,,,,,,,
EchoDot3,Layer 7,,1982,105,14385,105,14385,0,0,143143,38222661,59082,12689823,84061,25532838,143143,38222661,0,0,0,0,Query SSDP (wifi bulb),,,,,,,,,,,,,,,,,,,,,,,,,
EchoDot3,Layer 7,,56700,105,8190,105,8190,0,0,0,0,0,0,0,0,172691,65243615,93862,27225991,78829,38017624,"Broadcast, probably lifx, https://lan.developer.lifx.com/docs/querying-the-device-for-data#getservice---packet-2",,,,,,,,,,,,,,,,,,,,,,,,,
EchoDot3,Layer 7,,55443,143143,38222661,59082,12689823,84061,25532838,,,,,,,,,,,,,"Encrypted comms between echo dot, cert says alexa",,,,,,,,,,,,,,,,,,,,,,,,,
EchoDot3,Layer 7,,https,172691,65243615,93862,27225991,78829,38017624,1350646,174581329,700553,91118270,574615,39788428,1350646,174581329,700553,91118270,75478,43674631,,,,,,,,,,,,,,,,,,,,,,,,,,
,,,,,,,,,,1183544,97282590,608929,57494162,574615,39788428,166909,77279704,91431,33605073,75478,43674631,,,,,,,,,,,,,,,,,,,,,,,,,,
EchoShow5,Total,,Total,1350646,174581329,700553,91118270,650093,83463059,193,19035,193,19035,0,0,0,0,0,0,0,0,,,,,,,,,,,,,,,,,,,,,,,,,,
EchoShow5,Layer 3,,ip,1350453,174562294,700360,91099235,650093,83463059,159741,39924818,93085,26159659,66656,13765159,166889,77277904,91421,33604173,75468,43673731,,,,,,,,,,,,,,,,,,,,,,,,,,
EchoShow5,Layer 3,,ipv6,193,19035,193,19035,0,0,1023996,57376807,516037,31353538,507959,26023269,20,1800,10,900,10,900,,,,,,,,,,,,,,,,,,,,,,,,,,
EchoShow5,Layer 4,,tcp,326630,117202722,184506,59763832,142124,57438890,85045,34384081,29623,21937994,55422,12446087,52835,25172845,21984,7389564,30851,17783281,,,,,,,,,,,,,,,,,,,,,,,,,,
EchoShow5,Layer 4,,udp,1024016,57378607,516047,31354438,507969,26024169,9004,626366,4519,341756,4485,284610,8631,862537,4315,446653,4316,415884,,,,,,,,,,,,,,,,,,,,,,,,,,
EchoShow5,Layer 5,,tls,137880,59556926,51607,29327558,86273,30229368,1828,710164,885,73635,943,636529,0,0,0,0,0,0,,,,,,,,,,,,,,,,,,,,,,,,,,
EchoShow5,Layer 7,,http,17635,1488903,8834,788409,8801,700494,3618,1357563,3618,1357563,0,0,0,0,0,0,0,0,"connectivity and captive portal checks, requests SSDP device desc from Sony TV (only model name), gets ssdp unpn data such as service lists and control addresses, requests meta.json from external (denied)",,,,,,,,,,,,,,,,,,,,,,,,,
EchoShow5,Layer 7,,tplink-smarthome,1828,710164,885,73635,943,636529,5570,585608,5570,585608,0,0,0,0,0,0,0,0,"Requests information from tp link devices via broadcast and TCP, recv over UDP/TCP",,,,,,,,,,,,,,,,,,,,,,,,,
EchoShow5,Layer 7,,ssdp,3618,1357563,3618,1357563,0,0,0,0,0,0,0,0,20,1800,10,900,10,900,UPnP,,,,,,,,,,,,,,,,,,,,,,,,,
EchoShow5,Layer 7,,mdns,5570,585608,5570,585608,0,0,1012860,54694432,506429,29372882,506431,25321550,0,0,0,0,0,0,Responds with type and name,,,,,,,,,,,,,,,,,,,,,,,,,
EchoShow5,Layer 7,,ntp,20,1800,10,900,10,900,1470,532560,210,29295,1260,503265,0,0,0,0,0,0,,,,,,,,,,,,,,,,,,,,,,,,,,
EchoShow5,Layer 7,,55444,1012860,54694432,506429,29372882,506431,25321550,105,8190,105,8190,0,0,0,0,0,0,0,0,"Echo dot communication, most likely time sync",,,,,,,,,,,,,,,,,,,,,,,,,
EchoShow5,Layer 7,,50000,1470,532560,210,29295,1260,503265,105,14385,105,14385,0,0,0,0,0,0,0,0,Recv UPnP,,,,,,,,,,,,,,,,,,,,,,,,,
EchoShow5,Layer 7,,56700,105,8190,105,8190,0,0,143143,38222661,84061,25532838,59082,12689823,143143,38222661,0,0,0,0,"Broadcast, probably lifx, https://lan.developer.lifx.com/docs/querying-the-device-for-data#getservice---packet-2",,,,,,,,,,,,,,,,,,,,,,,,,
EchoShow5,Layer 7,,1982,105,14385,105,14385,0,0,0,0,0,0,0,0,158258,76415367,87106,33157520,71152,43257847,Query SSDP (wifi bulb),,,,,,,,,,,,,,,,,,,,,,,,,
EchoShow5,Layer 7,,55443,143143,38222661,84061,25532838,59082,12689823,,,,,,,,,,,,,"Encrypted comms between echo dot, cert says alexa",,,,,,,,,,,,,,,,,,,,,,,,,
EchoShow5,Layer 7,,https,158258,76415367,87106,33157520,71152,43257847,1126132,124707478,609781,67748327,461407,42291249,1126132,124707478,609781,67748327,54944,14667902,,,,,,,,,,,,,,,,,,,,,,,,,,
,,,,,,,,,,967465,85868020,506058,43576771,461407,42291249,122886,30268973,67942,15601071,54944,14667902,,,,,,,,,,,,,,,,,,,,,,,,,,
GoogleHome,Total,,Total,1126157,124709108,609806,67749957,516351,56959151,35781,8570485,35781,8570485,0,0,0,0,0,0,0,0,,,,,,,,,,,,,,,,,,,,,,,,,,
GoogleHome,Layer 3,,ip,1090376,116138623,574025,59179472,516351,56959151,272432,30432998,135500,14902104,136932,15530894,121949,29709413,67291,15067251,54658,14642162,,,,,,,,,,,,,,,,,,,,,,,,,,
GoogleHome,Layer 3,,ipv6,35781,8570485,35781,8570485,0,0,730814,64005507,406339,37245152,324475,26760355,937,559560,651,533820,286,25740,,,,,,,,,,,,,,,,,,,,,,,,,,
GoogleHome,Layer 4,,tcp,394381,60142411,202791,29969355,191590,30173056,114756,19965077,57642,9728185,57114,10236892,31303,14116189,14196,5307730,17107,8808459,,,,,,,,,,,,,,,,,,,,,,,,,,
GoogleHome,Layer 4,,udp,731751,64565067,406990,37778972,324761,26786095,0,0,0,0,0,0,23578,3815576,14206,2567885,9372,1247691,,,,,,,,,,,,,,,,,,,,,,,,,,
GoogleHome,Layer 4,,igmp,25,1630,25,1630,0,0,12714,7469234,4254,302034,8460,7167200,0,0,0,0,0,0,"IGMP joins, 239.255.255.250, 239.255.255.251, 224.0.0.250, 224.0.0.251, 239.255.3.22",,,,,,,,,,,,,,,,,,,,,,,,,
GoogleHome,Layer 5,,tls,146059,34081266,71838,15035915,74221,19045351,71580,16180295,71580,16180295,0,0,0,0,0,0,0,0,,,,,,,,,,,,,,,,,,,,,,,,,,
GoogleHome,Layer 7,,http,23578,3815576,14206,2567885,9372,1247691,0,0,0,0,0,0,572,51480,286,25740,286,25740,Used for connectivity checks,,,,,,,,,,,,,,,,,,,,,,,,,
GoogleHome,Layer 7,,tplink-smarthome,12714,7469234,4254,302034,8460,7167200,397361,24636382,197938,12272156,199423,12364226,0,0,0,0,0,0,Requests information from tp link devices via broadcast,,,,,,,,,,,,,,,,,,,,,,,,,
GoogleHome,Layer 7,,mdns,71580,16180295,71580,16180295,0,0,231552,14356224,114969,7128078,116583,7228146,0,0,0,0,0,0,Responds with type and name,,,,,,,,,,,,,,,,,,,,,,,,,
GoogleHome,Layer 7,,ntp,572,51480,286,25740,286,25740,199448,18862854,100629,9496935,97753,8343899,189522,17999250,0,0,0,0,,,,,,,,,,,,,,,,,,,,,,,,,,
GoogleHome,Layer 7,,10006,397361,24636382,197938,12272156,199423,12364226,4258,349156,4258,349156,0,0,0,0,0,0,0,0,"Exchanging STUN with google home speaker and nest mini, nothing is responding, mistmatched protocols? LAN, no servers",,,,,,,,,,,,,,,,,,,,,,,,,
GoogleHome,Layer 7,,10001,231552,14356224,114969,7128078,116583,7228146,3423,150612,3423,150612,0,0,0,0,0,0,0,0,"Exchanging STUN with google home speaker and nest mini, nothing is responding, mistmatched protocols? LAN, no servers",,,,,,,,,,,,,,,,,,,,,,,,,
GoogleHome,Layer 7,,10101,199448,18862854,100629,9496935,97753,8343899,0,0,0,0,0,0,75407,24061130,40716,11623357,34691,12437773,"Undocumented, reaches out between nestmini and google home speaker, on LAN, TCP, Certificates signed by chromecast, undocumented port",,,,,,,,,,,,,,,,,,,,,,,,,
GoogleHome,Layer 7,,9478,4258,349156,4258,349156,0,0,22975,1857407,0,0,0,0,22975,1857407,12369,876009,10595,956698,"Unknown broadcast to LAN, potentially local home sdk?",,,,,,,,,,,,,,,,,,,,,,,,,
GoogleHome,Layer 7,,1111,3423,150612,3423,150612,0,0,17502,3967838,8337,1671793,8229,1376553,17502,3967838,0,0,0,0,"Reaches out to kasa smart plug and tplink (one way), used to be able to use Local Home SDK, this was disabled for security reasons, google still sends.",,,,,,,,,,,,,,,,,,,,,,,,,
GoogleHome,Layer 7,,https,75407,24061130,40716,11623357,34691,12437773,15114,3934852,7423,1629476,6627,1260718,15114,3934852,0,0,0,0,,,,,,,,,,,,,,,,,,,,,,,,,,
GoogleHome,Layer 7,,5228,22975,1857407,12369,876009,10595,956698,55399,9650575,29028,2966721,24332,4550507,55399,9650575,0,0,0,0,"Google Talk, reaches out to mtalk.google.com TCP, encrypted, WAN, Enables push messaging",,,,,,,,,,,,,,,,,,,,,,,,,
GoogleHome,Layer 7,,10005,17502,3967838,8337,1671793,8229,1376553,,,,,,,,,,,,,"Undocumented, reaches out between nestmini and google home speaker, on LAN, TCP, Certificates signed by chromecast, undocumented port",,,,,,,,,,,,,,,,,,,,,,,,,
GoogleHome,Layer 7,,8012,15114,3934852,7423,1629476,6627,1260718,41072,5558667,28641,4406565,0,0,41072,5558667,28641,4406565,12431,1152102,"Undocumented, reaches out between nestmini and google home speaker, on LAN, TCP, Certificates signed by chromecast, undocumented port",,,,,,,,,,,,,,,,,,,,,,,,,
GoogleHome,Layer 7,,9000,55399,9650575,29028,2966721,24332,4550507,14017,3223910,14017,3223910,0,0,27055,2334757,14624,1182655,12431,1152102,"Undocumented, reaches out between nestmini and google home speaker, on LAN, TCP, Certificates signed by chromecast, undocumented port",,,,,,,,,,,,,,,,,,,,,,,,,
,,,,,,,,,,0,0,0,0,0,0,27055,2334757,14624,1182655,12431,1152102,,,,,,,,,,,,,,,,,,,,,,,,,,
MaxcioSmartStrip,Total,,Total,41142,5561887,28711,4409785,12431,1152102,14017,3223910,14017,3223910,0,0,0,0,0,0,0,0,,,,,,,,,,,,,,,,,,,,,,,,,,
MaxcioSmartStrip,Layer 3,,ip,41142,5561887,28711,4409785,12431,1152102,0,0,0,0,0,0,8955,1324831,4625,626242,4330,698589,,,,,,,,,,,,,,,,,,,,,,,,,,
MaxcioSmartStrip,Layer 4,,tcp,27055,2334757,14624,1182655,12431,1152102,23674,1989240,0,0,0,0,23674,1989240,13097,1019573,10577,969667,,,,,,,,,,,,,,,,,,,,,,,,,,
MaxcioSmartStrip,Layer 4,,udp,14017,3223910,14017,3223910,0,0,14017,3223910,14017,3223910,0,0,0,0,0,0,0,0,,,,,,,,,,,,,,,,,,,,,,,,,,
MaxcioSmartStrip,Layer 4,,igmp,70,3220,70,3220,0,0,0,0,0,0,0,0,3381,345517,1527,163082,1854,182435,IGMP: 224.0.0.1,,,,,,,,,,,,,,,,,,,,,,,,,
MaxcioSmartStrip,Layer 5,,tls,8955,1324831,4625,626242,4330,698589,,,,,,,,,,,,,,,,,,,,,,,,,,,,,,,,,,,,,,
MaxcioSmartStrip,Layer 7,,8886,23674,1989240,13097,1019573,10577,969667,65901,6864118,32971,4088570,89,6940,65901,6864118,32971,4088570,32841,2768608,Tuya MQTT  https://support.tuya.com/en/help/_detail/Kd9ym28csm58k,,,,,,,,,,,,,,,,,,,,,,,,,
MaxcioSmartStrip,Layer 7,,6667,14017,3223910,14017,3223910,0,0,243,18424,154,11484,89,6940,65658,6845694,32817,4077086,32841,2768608,Tuya device discovery  https://support.tuya.com/en/help/_detail/Kd9ym28csm58k,,,,,,,,,,,,,,,,,,,,,,,,,
MaxcioSmartStrip,Layer 7,,https,3381,345517,1527,163082,1854,182435,243,18424,154,11484,89,6940,65588,6839394,32782,4073936,32806,2765458,Comms to Tuya domains,,,,,,,,,,,,,,,,,,,,,,,,,
,,,,,,,,,,0,0,0,0,0,0,70,6300,35,3150,35,3150,,,,,,,,,,,,,,,,,,,,,,,,,,
NestCamera,Total,,Total,65901,6864118,32971,4088570,32930,2775548,0,0,0,0,0,0,32720,4665254,25062,3559512,7658,1105742,,,,,,,,,,,,,,,,,,,,,,,,,,
NestCamera,Layer 3,,ip,65901,6864118,32971,4088570,32930,2775548,243,18424,154,11484,89,6940,0,0,0,0,0,0,,,,,,,,,,,,,,,,,,,,,,,,,,
NestCamera,Layer 4,,tcp,65831,6857818,32936,4085420,32895,2772398,0,0,0,0,0,0,70,6300,35,3150,35,3150,,,,,,,,,,,,,,,,,,,,,,,,,,
NestCamera,Layer 4,,udp,70,6300,35,3150,35,3150,0,0,0,0,0,0,65588,6839394,32782,4073936,32806,2765458,,,,,,,,,,,,,,,,,,,,,,,,,,
NestCamera,Layer 5,,tls,32720,4665254,25062,3559512,7658,1105742,,,,,,,,,,,,,,,,,,,,,,,,,,,,,,,,,,,,,,
NestCamera,Layer 7,,http,243,18424,154,11484,89,6940,1139612,130234485,613805,69776498,458229,41582722,1139612,130234485,613805,69776498,67578,18875265,Only tries to get root directory from router??,,,,,,,,,,,,,,,,,,,,,,,,,
NestCamera,Layer 7,,ntp,70,6300,35,3150,35,3150,959357,85285824,501128,43703102,458229,41582722,144634,36305645,77056,17430380,67578,18875265,,,,,,,,,,,,,,,,,,,,,,,,,,
NestCamera,Layer 7,,https,65588,6839394,32782,4073936,32806,2765458,35621,8643016,35621,8643016,0,0,0,0,0,0,0,0,,,,,,,,,,,,,,,,,,,,,,,,,,
,,,,,,,,,,272432,30432998,136932,15530894,135500,14902104,143574,35697257,76329,16851962,67245,18845295,,,,,,,,,,,,,,,,,,,,,,,,,,
NestMini,Total,,Total,1139631,130235783,613824,69777796,525807,60457987,722546,63495842,399817,36815224,322729,26680618,1060,608388,727,578418,333,29970,,,,,,,,,,,,,,,,,,,,,,,,,,
NestMini,Layer 3,,ip,1104010,121592767,578203,61134780,525807,60457987,114756,19965077,57114,10236892,57642,9728185,36774,17528783,16891,6664450,19883,10864333,,,,,,,,,,,,,,,,,,,,,,,,,,
NestMini,Layer 3,,ipv6,35621,8643016,35621,8643016,0,0,0,0,0,0,0,0,24809,3954729,14518,2693978,10291,1260751,,,,,,,,,,,,,,,,,,,,,,,,,,
NestMini,Layer 4,,tcp,416006,66130255,213261,32382856,202745,33747399,71222,16330877,71222,16330877,0,0,0,0,0,0,0,0,,,,,,,,,,,,,,,,,,,,,,,,,,
NestMini,Layer 4,,udp,723606,64104230,400544,37393642,323062,26710588,12708,7463418,4253,301963,8455,7161455,0,0,0,0,0,0,,,,,,,,,,,,,,,,,,,,,,,,,,
NestMini,Layer 4,,igmp,19,1298,19,1298,0,0,0,0,0,0,0,0,666,59940,333,29970,333,29970,"IGMP joins, 239.255.255.250, 239.255.255.251, 224.0.0.250, 224.0.0.251, 239.255.3.22",,,,,,,,,,,,,,,,,,,,,,,,,
NestMini,Layer 5,,tls,151530,37493860,74005,16901342,77525,20592518,397361,24636382,199423,12364226,197938,12272156,0,0,0,0,0,0,,,,,,,,,,,,,,,,,,,,,,,,,,
NestMini,Layer 7,,http,24809,3954729,14518,2693978,10291,1260751,231552,14356224,116583,7228146,114969,7128078,0,0,0,0,0,0,Used for connectivity checks and device metrics,,,,,,,,,,,,,,,,,,,,,,,,,
NestMini,Layer 7,,mdns,71222,16330877,71222,16330877,0,0,4259,349238,4259,349238,0,0,0,0,0,0,0,0,Responds with type and name,,,,,,,,,,,,,,,,,,,,,,,,,
NestMini,Layer 7,,tplink-smarthome,12708,7463418,4253,301963,8455,7161455,192317,18242397,99172,8467334,92079,8753043,189522,17999250,0,0,0,0,"Requests information from tp link devices via broadcast, Recv over UDP",,,,,,,,,,,,,,,,,,,,,,,,,
NestMini,Layer 7,,ntp,666,59940,333,29970,333,29970,2649,116556,2649,116556,0,0,0,0,0,0,0,0,,,,,,,,,,,,,,,,,,,,,,,,,,
NestMini,Layer 7,,10006,397361,24636382,199423,12364226,197938,12272156,0,0,0,0,0,0,94373,29538244,49412,13257744,44961,16280500,"Exchanging STUN with google home speaker and nest mini, nothing is responding, mistmatched protocols? LAN, no servers",,,,,,,,,,,,,,,,,,,,,,,,,
NestMini,Layer 7,,10001,231552,14356224,116583,7228146,114969,7128078,24436,2280676,0,0,0,0,24436,2280676,12399,900240,11993,1304044,"Exchanging STUN with google home speaker and nest mini, nothing is responding, mistmatched protocols? LAN, no servers",,,,,,,,,,,,,,,,,,,,,,,,,
NestMini,Layer 7,,9478,4259,349238,4259,349238,0,0,17502,3967838,8229,1376553,8337,1671793,17502,3967838,0,0,0,0,"Unknown broadcast to LAN, potentially local home sdk?",,,,,,,,,,,,,,,,,,,,,,,,,
NestMini,Layer 7,,10101,192317,18242397,99172,8467334,92079,8753043,15114,3934852,6627,1260718,7423,1629476,15114,3934852,0,0,0,0,"Undocumented, reaches out between nestmini and google home speaker, on LAN, TCP, Certificates signed by chromecast, undocumented port",,,,,,,,,,,,,,,,,,,,,,,,,
NestMini,Layer 7,,1111,2649,116556,2649,116556,0,0,55399,9650575,24332,4550507,29028,2966721,55399,9650575,0,0,0,0,"Reaches out to kasa smart plug and tplink (one way), used to be able to use Local Home SDK, this was disabled for security reasons, google still sends.",,,,,,,,,,,,,,,,,,,,,,,,,
NestMini,Layer 7,,https,94373,29538244,49412,13257744,44961,16280500,,,,,,,,,,,,,,,,,,,,,,,,,,,,,,,,,,,,,,
NestMini,Layer 7,,5228,24436,2280676,12399,900240,11993,1304044,25757,10566211,13854,6671123,0,0,25757,10566211,13854,6671123,11903,3895088,"Google Talk, reaches out to mtalk.google.com TCP, encrypted, WAN, Enables push messaging",,,,,,,,,,,,,,,,,,,,,,,,,
NestMini,Layer 7,,10005,17502,3967838,8229,1376553,8337,1671793,0,0,0,0,0,0,25757,10566211,13854,6671123,11903,3895088,"Undocumented, reaches out between nestmini and google home speaker, on LAN, TCP, Certificates signed by chromecast, undocumented port",,,,,,,,,,,,,,,,,,,,,,,,,
NestMini,Layer 7,,8012,15114,3934852,6627,1260718,7423,1629476,0,0,0,0,0,0,25687,10559911,13819,6667973,11868,3891938,"Undocumented, reaches out between nestmini and google home speaker, on LAN, TCP, Certificates signed by chromecast, undocumented port",,,,,,,,,,,,,,,,,,,,,,,,,
NestMini,Layer 7,,9000,55399,9650575,24332,4550507,29028,2966721,0,0,0,0,0,0,70,6300,35,3150,35,3150,"Undocumented, reaches out between nestmini and google home speaker, on LAN, TCP, Certificates signed by chromecast, undocumented port",,,,,,,,,,,,,,,,,,,,,,,,,
,,,,,,,,,,0,0,0,0,0,0,5902,4986821,3567,1875848,2335,3110973,,,,,,,,,,,,,,,,,,,,,,,,,,
NestThermostat,Total,,Total,25757,10566211,13854,6671123,11903,3895088,0,0,0,0,0,0,106,9238,56,4652,50,4586,,,,,,,,,,,,,,,,,,,,,,,,,,
NestThermostat,Layer 3,,ip,25757,10566211,13854,6671123,11903,3895088,0,0,0,0,0,0,70,6300,35,3150,35,3150,,,,,,,,,,,,,,,,,,,,,,,,,,
NestThermostat,Layer 4,,tcp,25687,10559911,13819,6667973,11868,3891938,0,0,0,0,0,0,23243,9887172,12450,6425772,10793,3461400,,,,,,,,,,,,,,,,,,,,,,,,,,
NestThermostat,Layer 4,,udp,70,6300,35,3150,35,3150,2429,733934,0,0,0,0,2429,733934,1313,237549,1025,425952,,,,,,,,,,,,,,,,,,,,,,,,,,
NestThermostat,Layer 5,,tls,5902,4986821,3567,1875848,2335,3110973,,,,,,,,,,,,,,,,,,,,,,,,,,,,,,,,,,,,,,
NestThermostat,Layer 7,,http,106,9238,56,4652,50,4586,143279,40158939,102863,26296291,1050,86240,143279,40158939,102863,26296291,39366,13776408,Connectivity and portal detection https://www.chromium.org/chromium-os/chromiumos-design-docs/network-portal-detection/,,,,,,,,,,,,,,,,,,,,,,,,,
NestThermostat,Layer 7,,ntp,70,6300,35,3150,35,3150,34289,9486595,33239,9400355,1050,86240,85912,24678877,46546,10902469,39366,13776408,,,,,,,,,,,,,,,,,,,,,,,,,,
NestThermostat,Layer 7,,https,23243,9887172,12450,6425772,10793,3461400,23078,5993467,23078,5993467,0,0,0,0,0,0,0,0,,,,,,,,,,,,,,,,,,,,,,,,,,
NestThermostat,Layer 7,,9543,2429,733934,1313,237549,1025,425952,1890,650230,840,563990,1050,86240,85678,24378357,46314,10602129,39364,13776228,Contains some mandatory traffic,,,,,,,,,,,,,,,,,,,,,,,,,
,,,,,,,,,,55477,14829832,55477,14829832,0,0,234,300520,232,300340,2,180,,,,,,,,,,,,,,,,,,,,,,,,,,
SonyTV,Total,,Total,143279,40158939,102863,26296291,40416,13862648,0,0,0,0,0,0,32899,15914558,17169,5066405,15730,10848153,,,,,,,,,,,,,,,,,,,,,,,,,,
SonyTV,Layer 3,,ip,120201,34165472,79785,20302824,40416,13862648,210,113680,70,88620,140,25060,13561,3001274,8888,2110438,4673,890836,,,,,,,,,,,,,,,,,,,,,,,,,,
SonyTV,Layer 3,,ipv6,23078,5993467,23078,5993467,0,0,46161,11355978,46161,11355978,0,0,0,0,0,0,0,0,,,,,,,,,,,,,,,,,,,,,,,,,,
SonyTV,Layer 4,,tcp,87568,25028587,47154,11166119,40414,13862468,6816,2475344,6816,2475344,0,0,0,0,0,0,0,0,,,,,,,,,,,,,,,,,,,,,,,,,,
SonyTV,Layer 4,,udp,55711,15130352,55709,15130172,2,180,0,0,0,0,0,0,4,360,2,180,2,180,,,,,,,,,,,,,,,,,,,,,,,,,,
SonyTV,Layer 5,,tls,32899,15914558,17169,5066405,15730,10848153,0,0,0,0,0,0,48139,19108250,27726,7552615,20413,11555635,,,,,,,,,,,,,,,,,,,,,,,,,,
SonyTV,Layer 7,,http,13771,3114954,8958,2199058,4813,915896,23981,2276716,0,0,0,0,23981,2276716,9700,939076,14278,1329757,"Connectivity/Captive portal, response to echo show SSDP requests, contacts netflix APIs, fetches icons from sony, fetches other data from sony",,,,,,,,,,,,,,,,,,,,,,,,,
SonyTV,Layer 7,,mdns,46161,11355978,46161,11355978,0,0,,,,,,,,,,,,,Responds with type and name,,,,,,,,,,,,,,,,,,,,,,,,,
SonyTV,Layer 7,,ssdp,6816,2475344,6816,2475344,0,0,29435,7816195,16876,6984819,11033,634951,29435,7816195,16876,6984819,1526,196425,UPnP,,,,,,,,,,,,,,,,,,,,,,,,,
SonyTV,Layer 7,,ntp,4,360,2,180,2,180,25207,7339057,14174,6704106,11033,634951,4228,477138,2702,280713,1526,196425,,,,,,,,,,,,,,,,,,,,,,,,,,
SonyTV,Layer 7,,https,48139,19108250,27726,7552615,20413,11555635,11974,5756587,8879,5620407,3095,136180,280,25200,140,12600,140,12600,,,,,,,,,,,,,,,,,,,,,,,,,,
SonyTV,Layer 7,,5228,23981,2276716,9700,939076,14278,1329757,13233,1582470,5295,1083699,7938,498771,3948,451938,2562,268113,1386,183825,"Google Talk, reaches out to mtalk.google.com TCP, encrypted, WAN, Enables push messaging",,,,,,,,,,,,,,,,,,,,,,,,,
,,,,,,,,,,0,0,0,0,0,0,2562,377094,1281,198939,1281,178155,,,,,,,,,,,,,,,,,,,,,,,,,,
TPLink,Total,,Total,29435,7816195,16876,6984819,12559,831376,11525,6594135,10202,6479034,1323,115101,0,0,0,0,0,0,,,,,,,,,,,,,,,,,,,,,,,,,,
TPLink,Layer 3,,ip,29435,7816195,16876,6984819,12559,831376,0,0,0,0,0,0,280,25200,140,12600,140,12600,,,,,,,,,,,,,,,,,,,,,,,,,,
TPLink,Layer 4,,udp,12254,5781787,9019,5633007,3235,148780,3095,136180,0,0,3095,136180,0,0,0,0,0,0,,,,,,,,,,,,,,,,,,,,,,,,,,
TPLink,Layer 4,,tcp,17181,2034408,7857,1351812,9324,682596,0,0,0,0,0,0,3948,451938,2562,268113,1386,183825,,,,,,,,,,,,,,,,,,,,,,,,,,
TPLink,Layer 5,,tls,2562,377094,1281,198939,1281,178155,,,,,,,,,,,,,,,,,,,,,,,,,,,,,,,,,,,,,,
TPLink,Layer 7,,tplink-smarthome,11525,6594135,10202,6479034,1323,115101,26054,10593598,18136,9912217,2977,130988,26054,10593598,18136,9912217,4941,550393,"Recved from google/amazon, uses tcp/udp and send device info",,,,,,,,,,,,,,,,,,,,,,,,,
TPLink,Layer 7,,ntp,280,25200,140,12600,140,12600,11521,9213260,8544,9082272,2977,130988,14533,1380338,9592,829945,4941,550393,,,,,,,,,,,,,,,,,,,,,,,,,,
TPLink,Layer 7,,1111,3095,136180,0,0,3095,136180,0,0,0,0,0,0,14251,1354958,9450,817165,4801,537793,"Received from google devices, not responded to, used to be able to use Local Home SDK, this was disabled for security reasons, google still sends.",,,,,,,,,,,,,,,,,,,,,,,,,
TPLink,Layer 7,,https,3948,451938,2562,268113,1386,183825,11521,9213260,8544,9082272,2977,130988,282,25380,142,12780,140,12600,,,,,,,,,,,,,,,,,,,,,,,,,,
,,,,,,,,,,0,0,0,0,0,0,9442,1095272,4721,561799,4721,533473,,,,,,,,,,,,,,,,,,,,,,,,,,
TPLinkLight,Total,,Total,26054,10593598,18136,9912217,7918,681381,8544,9082272,8544,9082272,0,0,0,0,0,0,0,0,,,,,,,,,,,,,,,,,,,,,,,,,,
TPLinkLight,Layer 3,,ip,26054,10593598,18136,9912217,7918,681381,0,0,0,0,0,0,282,25380,142,12780,140,12600,,,,,,,,,,,,,,,,,,,,,,,,,,
TPLinkLight,Layer 4,,tcp,14251,1354958,9450,817165,4801,537793,2977,130988,0,0,2977,130988,0,0,0,0,0,0,,,,,,,,,,,,,,,,,,,,,,,,,,
TPLinkLight,Layer 4,,udp,11803,9238640,8686,9095052,3117,143588,0,0,0,0,0,0,14251,1354958,9450,817165,4801,537793,,,,,,,,,,,,,,,,,,,,,,,,,,
TPLinkLight,Layer 5,,tls,9442,1095272,4721,561799,4721,533473,,,,,,,,,,,,,,,,,,,,,,,,,,,,,,,,,,,,,,
TPLinkLight,Layer 7,,tplink-smarthome,8544,9082272,8544,9082272,0,0,2733238,1329936304,2728078,1329410410,0,0,2733238,1329936304,2728078,1329410410,5160,525894,"Recved from google, uses udp and send device info",,,,,,,,,,,,,,,,,,,,,,,,,
TPLinkLight,Layer 7,,ntp,282,25380,142,12780,140,12600,2718923,1328569132,2718923,1328569132,0,0,14017,1282430,8982,800756,5035,481674,,,,,,,,,,,,,,,,,,,,,,,,,,
TPLinkLight,Layer 7,,1111,2977,130988,0,0,2977,130988,0,0,0,0,0,0,298,84742,173,40522,125,44220,"Received from google devices, not responded to, used to be able to use Local Home SDK, this was disabled for security reasons, google still sends.",,,,,,,,,,,,,,,,,,,,,,,,,
TPLinkLight,Layer 7,,https,14251,1354958,9450,817165,4801,537793,2718923,1328569132,2718923,1328569132,0,0,12,1320,6,660,6,660,,,,,,,,,,,,,,,,,,,,,,,,,,
,,,,,,,,,,0,0,0,0,0,0,14303,1365852,9149,840618,5154,525234,,,,,,,,,,,,,,,,,,,,,,,,,,
DreamGlassAir,Total,,Total,2733238,1329936304,2728078,1329410410,5160,525894,0,0,0,0,0,0,56,41351,28,8988,28,32363,,,,,,,,,,,,,,,,,,,,,,,,,,
DreamGlassAir,Layer 3,,ip,2732940,1329851562,2727905,1329369888,5035,481674,300696,391506192,300696,391506192,0,0,0,0,0,0,0,0,,,,,,,,,,,,,,,,,,,,,,,,,,
DreamGlassAir,Layer 3,,ipv6,298,84742,173,40522,125,44220,2418227,937062940,2418227,937062940,0,0,0,0,0,0,0,0,,,,,,,,,,,,,,,,,,,,,,,,,,
DreamGlassAir,Layer 4,,udp,2718935,1328570452,2718929,1328569792,6,660,0,0,0,0,0,0,2518,335261,1330,198428,1188,136833,,,,,,,,,,,,,,,,,,,,,,,,,,
DreamGlassAir,Layer 4,,tcp,14303,1365852,9149,840618,5154,525234,0,0,0,0,0,0,12,1320,6,660,6,660,,,,,,,,,,,,,,,,,,,,,,,,,,
DreamGlassAir,Layer 5,,tls,56,41351,28,8988,28,32363,0,0,0,0,0,0,150,49319,96,14664,54,34655,,,,,,,,,,,,,,,,,,,,,,,,,,
DreamGlassAir,Layer 7,,mdns,300696,391506192,300696,391506192,0,0,,,,,,,,,,,,,,,,,,,,,,,,,,,,,,,,,,,,,,
DreamGlassAir,Layer 7,,ssdp,2418227,937062940,2418227,937062940,0,0,15591,2218656,9028,1055963,0,0,15591,2218656,9028,1055963,6563,1162693,,,,,,,,,,,,,,,,,,,,,,,,,,
DreamGlassAir,Layer 7,,http,2518,335261,1330,198428,1188,136833,0,0,0,0,0,0,15591,2218656,9028,1055963,6563,1162693,"hpplay communication including device information, log in requests, and server requests",,,,,,,,,,,,,,,,,,,,,,,,,
DreamGlassAir,Layer 7,,ntp,12,1320,6,660,6,660,0,0,0,0,0,0,11497,1850196,6981,871733,4516,978463,,,,,,,,,,,,,,,,,,,,,,,,,,
DreamGlassAir,Layer 7,,https,150,49319,96,14664,54,34655,0,0,0,0,0,0,4094,368460,2047,184230,2047,184230,,,,,,,,,,,,,,,,,,,,,,,,,,
,,,,,,,,,,0,0,0,0,0,0,6239,1563448,3299,672177,2940,891271,,,,,,,,,,,,,,,,,,,,,,,,,,
AmazonLight,Total,,Total,15591,2218656,9028,1055963,6563,1162693,0,0,0,0,0,0,4094,368460,2047,184230,2047,184230,,,,,,,,,,,,,,,,,,,,,,,,,,
AmazonLight,Layer 3,,ip,15591,2218656,9028,1055963,6563,1162693,0,0,0,0,0,0,6814,716673,4275,510681,2539,205992,,,,,,,,,,,,,,,,,,,,,,,,,,
AmazonLight,Layer 4,,tcp,11497,1850196,6981,871733,4516,978463,0,0,0,0,0,0,4683,1133523,2706,361052,1977,772471,,,,,,,,,,,,,,,,,,,,,,,,,,
AmazonLight,Layer 4,,udp,4094,368460,2047,184230,2047,184230,,,,,,,,,,,,,,,,,,,,,,,,,,,,,,,,,,,,,,
AmazonLight,Layer 5,,tls,6239,1563448,3299,672177,2940,891271,443238,198552655,232472,68225663,4617,1440294,443238,198552655,232472,68225663,206149,128886698,,,,,,,,,,,,,,,,,,,,,,,,,,
AmazonLight,Layer 7,,ntp,4094,368460,2047,184230,2047,184230,10193,1970003,5576,529709,4617,1440294,432745,196552957,226596,67666259,206149,128886698,,,,,,,,,,,,,,,,,,,,,,,,,,
AmazonLight,Layer 7,,secure-mqtt,6814,716673,4275,510681,2539,205992,300,29695,300,29695,0,0,0,0,0,0,0,0,,,,,,,,,,,,,,,,,,,,,,,,,,
AmazonLight,Layer 7,,https,4683,1133523,2706,361052,1977,772471,5220,852426,2900,241802,2320,610624,432729,196551517,226588,67665539,206141,128885978,,,,,,,,,,,,,,,,,,,,,,,,,,
,,,,,,,,,,5273,1147272,2976,317602,2297,829670,16,1440,8,720,8,720,,,,,,,,,,,,,,,,,,,,,,,,,,
EchoDot5,Total,,Total,443243,198552933,232477,68225941,210766,130326992,0,0,0,0,0,0,193935,152863043,112072,58510301,81863,94352742,,,,,,,,,,,,,,,,,,,,,,,,,,
EchoDot5,Layer 3,,ip,442943,198523238,232177,68196246,210766,130326992,5220,852426,2900,241802,2320,610624,18746,2573340,10380,1072334,8366,1501006,,,,,,,,,,,,,,,,,,,,,,,,,,
EchoDot5,Layer 3,,ipv6,300,29695,300,29695,0,0,2100,212896,2100,212896,0,0,0,0,0,0,0,0,,,,,,,,,,,,,,,,,,,,,,,,,,
EchoDot5,Layer 4,,tcp,437949,197403943,229488,67907341,208461,129496602,2478,772854,354,54942,2124,717912,0,0,0,0,0,0,,,,,,,,,,,,,,,,,,,,,,,,,,
EchoDot5,Layer 4,,udp,5289,1148712,2984,318322,2305,830390,347,124112,174,12354,173,111758,0,0,0,0,0,0,,,,,,,,,,,,,,,,,,,,,,,,,,
EchoDot5,Layer 4,,igmp,5,278,5,278,0,0,0,0,0,0,0,0,16,1440,8,720,8,720,,,,,,,,,,,,,,,,,,,,,,,,,,
EchoDot5,Layer 5,,tls,193935,152863043,112072,58510301,81863,94352742,0,0,0,0,0,0,413983,193978177,216208,66593205,197775,127384972,,,,,,,,,,,,,,,,,,,,,,,,,,
EchoDot5,Layer 7,,http,23966,3425766,13280,1314136,10686,2111630,174,13572,174,13572,0,0,0,0,0,0,0,0,Connectivity checks and captive portal checks. Tries to connect to hue bridge but fails because of button press,,,,,,,,,,,,,,,,,,,,,,,,,
EchoDot5,Layer 7,,mdns,2100,212896,2100,212896,0,0,174,23838,174,23838,0,0,0,0,0,0,0,0,Responds with type and name,,,,,,,,,,,,,,,,,,,,,,,,,
EchoDot5,Layer 7,,ssdp,2478,772854,354,54942,2124,717912,,,,,,,,,,,,,UPnP,,,,,,,,,,,,,,,,,,,,,,,,,
EchoDot5,Layer 7,,tplink-smarthome,347,124112,174,12354,173,111758,32072,3982863,21074,1824294,0,0,32072,3982863,21074,1824294,10998,2158569,Requests information from tp link devices via UDP broadcast,,,,,,,,,,,,,,,,,,,,,,,,,
EchoDot5,Layer 7,,ntp,16,1440,8,720,8,720,0,0,0,0,0,0,32072,3982863,21074,1824294,10998,2158569,,,,,,,,,,,,,,,,,,,,,,,,,,
EchoDot5,Layer 7,,https,413983,193978177,216208,66593205,197775,127384972,0,0,0,0,0,0,31732,3952263,20903,1808904,10829,2143359,,,,,,,,,,,,,,,,,,,,,,,,,,
EchoDot5,Layer 7,,56700,174,13572,174,13572,0,0,0,0,0,0,0,0,340,30600,171,15390,169,15210,"Broadcast, probably lifx, https://lan.developer.lifx.com/docs/querying-the-device-for-data#getservice---packet-2",,,,,,,,,,,,,,,,,,,,,,,,,
EchoDot5,Layer 7,,1982,174,23838,174,23838,0,0,0,0,0,0,0,0,19215,2367363,9608,1184333,9607,1183030,Query SSDP (wifi bulb),,,,,,,,,,,,,,,,,,,,,,,,,
,,,,,,,,,,0,0,0,0,0,0,2318,1031226,1248,82029,1070,949197,,,,,,,,,,,,,,,,,,,,,,,,,,
Govee,Total,,Total,32072,3982863,21074,1824294,10998,2158569,0,0,0,0,0,0,340,30600,171,15390,169,15210,,,,,,,,,,,,,,,,,,,,,,,,,,
Govee,Layer 3,,ip,32072,3982863,21074,1824294,10998,2158569,0,0,0,0,0,0,29414,2921037,19655,1726875,9759,1194162,,,,,,,,,,,,,,,,,,,,,,,,,,
Govee,Layer 4,,tcp,31732,3952263,20903,1808904,10829,2143359,,,,,,,,,,,,,,,,,,,,,,,,,,,,,,,,,,,,,,
Govee,Layer 4,,udp,340,30600,171,15390,169,15210,220403,41474328,175998,36518855,0,0,220403,41474328,175998,36518855,44405,4955473,,,,,,,,,,,,,,,,,,,,,,,,,,
Govee,Layer 5,,tls,19215,2367363,9608,1184333,9607,1183030,120858,31664796,120858,31664796,0,0,99545,9809532,55140,4854059,44405,4955473,,,,,,,,,,,,,,,,,,,,,,,,,,
Govee,Layer 7,,http,2318,1031226,1248,82029,1070,949197,120858,31664796,120858,31664796,0,0,0,0,0,0,0,0,Update checks and gateway configs,,,,,,,,,,,,,,,,,,,,,,,,,
Govee,Layer 7,,ntp,340,30600,171,15390,169,15210,0,0,0,0,0,0,99545,9809532,55140,4854059,44405,4955473,,,,,,,,,,,,,,,,,,,,,,,,,,
Govee,Layer 7,,secure-mqtt,29414,2921037,19655,1726875,9759,1194162,0,0,0,0,0,0,24221,4841764,12396,2040199,11825,2801565,,,,,,,,,,,,,,,,,,,,,,,,,,
,,,,,,,,,,120858,31664796,120858,31664796,0,0,0,0,0,0,0,0,,,,,,,,,,,,,,,,,,,,,,,,,,
Litokam,Total,,Total,220403,41474328,175998,36518855,44405,4955473,0,0,0,0,0,0,89040,7290792,49460,3983946,39580,3306846,,,,,,,,,,,,,,,,,,,,,,,,,,
Litokam,Layer 3,,ip,220403,41474328,175998,36518855,44405,4955473,0,0,0,0,0,0,10505,2518740,5680,870113,4825,1648627,,,,,,,,,,,,,,,,,,,,,,,,,,
Litokam,Layer 4,,udp,120858,31664796,120858,31664796,0,0,,,,,,,,,,,,,,,,,,,,,,,,,,,,,,,,,,,,,,
Litokam,Layer 4,,tcp,99545,9809532,55140,4854059,44405,4955473,636251,140657293,326446,29404458,294065,107968776,636251,140657293,326446,29404458,15740,3284059,,,,,,,,,,,,,,,,,,,,,,,,,,
Litokam,Layer 5,,tls,24221,4841764,12396,2040199,11825,2801565,592621,133877688,298556,25908912,294065,107968776,43630,6779605,27890,3495546,15740,3284059,,,,,,,,,,,,,,,,,,,,,,,,,,
Litokam,Layer 7,,6667,120858,31664796,120858,31664796,0,0,518218,110424744,287927,24011580,230291,86413164,42796,6729292,27473,3472266,15323,3257026,6667,,,,,,,,,,,,,,,,,,,,,,,,,
Litokam,Layer 7,,secure-mqtt,89040,7290792,49460,3983946,39580,3306846,74403,23452944,10629,1897332,63774,21555612,834,50313,417,23280,417,27033,secure-mqtt,,,,,,,,,,,,,,,,,,,,,,,,,
Litokam,Layer 7,,https,10505,2518740,5680,870113,4825,1648627,0,0,0,0,0,0,24546,4801344,12150,1760084,12396,3041260,https,,,,,,,,,,,,,,,,,,,,,,,,,
,,,,,,,,,,518218,110424744,287927,24011580,230291,86413164,0,0,0,0,0,0,,,,,,,,,,,,,,,,,,,,,,,,,,
Netvue,Total,,Total,636251,140657293,326446,29404458,309805,111252835,74403,23452944,10629,1897332,63774,21555612,0,0,0,0,0,0,,,,,,,,,,,,,,,,,,,,,,,,,,
Netvue,Layer 3,,ip,636251,140657293,326446,29404458,309805,111252835,0,0,0,0,0,0,834,50313,417,23280,417,27033,,,,,,,,,,,,,,,,,,,,,,,,,,
Netvue,Layer 4,,tcp,561014,117154036,315400,27483846,245614,89670190,0,0,0,0,0,0,30320,2630557,20164,1644665,10156,985892,,,,,,,,,,,,,,,,,,,,,,,,,,
Netvue,Layer 4,,udp,75237,23503257,11046,1920612,64191,21582645,0,0,0,0,0,0,12476,4098735,7309,1827601,5167,2271134,,,,,,,,,,,,,,,,,,,,,,,,,,
Netvue,Layer 5,,tls,24546,4801344,12150,1760084,12396,3041260,,,,,,,,,,,,,,,,,,,,,,,,,,,,,,,,,,,,,,
Netvue,Layer 7,,http,518218,110424744,287927,24011580,230291,86413164,794862,176456713,451958,148167531,290827,24253382,794862,176456713,451958,148167531,52077,4035800,Queries philips bridge descrption.xml,,,,,,,,,,,,,,,,,,,,,,,,,
Netvue,Layer 7,,ssdp,74403,23452944,10629,1897332,63774,21555612,673912,162874090,383085,138620708,290827,24253382,106034,8411567,53957,4375767,52077,4035800,,,,,,,,,,,,,,,,,,,,,,,,,,
Netvue,Layer 7,,8555,834,50313,417,23280,417,27033,14916,5171056,14916,5171056,0,0,0,0,0,0,0,0,Looks like it might be integration but it is querying an ntp host,,,,,,,,,,,,,,,,,,,,,,,,,
Netvue,Layer 7,,secure-mqtt,30320,2630557,20164,1644665,10156,985892,523438,111277170,232611,87023788,290827,24253382,103925,8221757,52830,4274337,51095,3947420,,,,,,,,,,,,,,,,,,,,,,,,,,
Netvue,Layer 7,,https,12476,4098735,7309,1827601,5167,2271134,165390,56767976,165390,56767976,0,0,2109,189810,1127,101430,982,88380,,,,,,,,,,,,,,,,,,,,,,,,,,
,,,,,,,,,,0,0,0,0,0,0,16409,3075496,8181,1447897,8228,1627599,,,,,,,,,,,,,,,,,,,,,,,,,,
PhillipsBridge,Total,,Total,807963,177242791,465059,148953609,342904,28289182,523438,111277170,232611,87023788,290827,24253382,87,15203,46,11682,41,3521,,,,,,,,,,,,,,,,,,,,,,,,,,
PhillipsBridge,Layer 3,,ip,793047,172071735,450143,143782553,342904,28289182,135558,46724184,135558,46724184,0,0,0,0,0,0,0,0,,,,,,,,,,,,,,,,,,,,,,,,,,
PhillipsBridge,Layer 3,,ipv6,14916,5171056,14916,5171056,0,0,0,0,0,0,0,0,2109,189810,1127,101430,982,88380,,,,,,,,,,,,,,,,,,,,,,,,,,
PhillipsBridge,Layer 4,,tcp,627363,119498927,285441,91298125,341922,28200802,29832,10043792,29832,10043792,0,0,0,0,0,0,0,0,,,,,,,,,,,,,,,,,,,,,,,,,,
PhillipsBridge,Layer 4,,udp,167499,56957786,166517,56869406,982,88380,0,0,0,0,0,0,103838,8206554,52784,4262655,51054,3943899,,,,,,,,,,,,,,,,,,,,,,,,,,
PhillipsBridge,Layer 4,,igmp,13101,786078,13101,786078,0,0,,,,,,,,,,,,,"IGMP: 239.255.255.250,224.0.0.251",,,,,,,,,,,,,,,,,,,,,,,,,
PhillipsBridge,Layer 5,,tls,16409,3075496,8181,1447897,8228,1627599,8245,968754,5476,631591,0,0,8245,968754,5476,631591,2769,337163,,,,,,,,,,,,,,,,,,,,,,,,,,
PhillipsBridge,Layer 7,,http,523525,111292373,232657,87035470,290868,24256903,173,111758,173,111758,0,0,8072,856996,5303,519833,2769,337163,"UPnP with netvue camera, requested by Echo but declines",,,,,,,,,,,,,,,,,,,,,,,,,
PhillipsBridge,Layer 7,,ssdp,135558,46724184,135558,46724184,0,0,0,0,0,0,0,0,7735,826666,5134,504623,2601,322043,,,,,,,,,,,,,,,,,,,,,,,,,,
PhillipsBridge,Layer 7,,ntp,2109,189810,1127,101430,982,88380,173,111758,173,111758,0,0,337,30330,169,15210,168,15120,,,,,,,,,,,,,,,,,,,,,,,,,,
PhillipsBridge,Layer 7,,mdns,29832,10043792,29832,10043792,0,0,0,0,0,0,0,0,5134,655000,2567,335201,2567,319799,,,,,,,,,,,,,,,,,,,,,,,,,,
PhillipsBridge,Layer 7,,https,103838,8206554,52784,4262655,51054,3943899,0,0,0,0,0,0,337,30330,169,15210,168,15120,,,,,,,,,,,,,,,,,,,,,,,,,,
,,,,,,,,,,173,111758,173,111758,0,0,0,0,0,0,0,0,,,,,,,,,,,,,,,,,,,,,,,,,,
TPLink,Total,,Total,8245,968754,5476,631591,2769,337163,0,0,0,0,0,0,7735,826666,5134,504623,2601,322043,,,,,,,,,,,,,,,,,,,,,,,,,,
TPLink,Layer 3,,ip,8245,968754,5476,631591,2769,337163,,,,,,,,,,,,,,,,,,,,,,,,,,,,,,,,,,,,,,
TPLink,Layer 4,,tcp,7735,826666,5134,504623,2601,322043,48167,17551203,26514,11174297,29,1566,48167,17551203,26514,11174297,21624,6375340,,,,,,,,,,,,,,,,,,,,,,,,,,
TPLink,Layer 4,,udp,510,142088,342,126968,168,15120,0,0,0,0,0,0,36207,13531034,19807,8677302,16400,4853732,,,,,,,,,,,,,,,,,,,,,,,,,,
TPLink,Layer 5,,tls,5134,655000,2567,335201,2567,319799,58,3828,29,2262,29,1566,11902,4016341,6678,2494733,5224,1521608,,,,,,,,,,,,,,,,,,,,,,,,,,
TPLink,Layer 7,,ntp,337,30330,169,15210,168,15120,58,3828,29,2262,29,1566,47882,17523445,26362,11159025,21520,6364420,,,,,,,,,,,,,,,,,,,,,,,,,,
TPLink,Layer 7,,tplink-smarthome,173,111758,173,111758,0,0,0,0,0,0,0,0,227,23930,123,13010,104,10920,Responds to amazon device udp only,,,,,,,,,,,,,,,,,,,,,,,,,
TPLink,Layer 7,,https,7735,826666,5134,504623,2601,322043,0,0,0,0,0,0,17113,9855159,8561,4566172,8552,5288987,,,,,,,,,,,,,,,,,,,,,,,,,,
,,,,,,,,,,0,0,0,0,0,0,227,23930,123,13010,104,10920,,,,,,,,,,,,,,,,,,,,,,,,,,
MetaquestPro,Total,,Total,48167,17551203,26514,11174297,21653,6376906,0,0,0,0,0,0,90,9441,45,5085,45,4356,,,,,,,,,,,,,,,,,,,,,,,,,,
MetaquestPro,Layer 3,,ipv6,36207,13531034,19807,8677302,16400,4853732,0,0,0,0,0,0,47774,17512456,26308,11153058,21466,6359398,,,,,,,,,,,,,,,,,,,,,,,,,,
MetaquestPro,Layer 3,,ip,11960,4020169,6707,2496995,5253,1523174,,,,,,,,,,,,,,,,,,,,,,,,,,,,,,,,,,,,,,
MetaquestPro,Layer 4,,tcp,47940,17527273,26391,11161287,21549,6365986,63757,21841336,39573,7543100,0,0,63757,21841336,39573,7543100,24184,14298236,,,,,,,,,,,,,,,,,,,,,,,,,,
MetaquestPro,Layer 4,,udp,227,23930,123,13010,104,10920,6266,892555,6266,892555,0,0,42491,15887956,23256,4061275,19235,11826681,,,,,,,,,,,,,,,,,,,,,,,,,,
MetaquestPro,Layer 5,,tls,17113,9855159,8561,4566172,8552,5288987,6267,1018123,6267,1018123,0,0,8733,4042702,3784,1571147,4949,2471555,,,,,,,,,,,,,,,,,,,,,,,,,,
MetaquestPro,Layer 7,,ntp,227,23930,123,13010,104,10920,12533,1910678,12533,1910678,0,0,24,2160,12,1080,12,1080,,,,,,,,,,,,,,,,,,,,,,,,,,
MetaquestPro,Layer 7,,http,90,9441,45,5085,45,4356,0,0,0,0,0,0,51200,19928498,27028,5631342,24172,14297156,Captive portal / connectivity check every 12 hours,,,,,,,,,,,,,,,,,,,,,,,,,
MetaquestPro,Layer 7,,https,47774,17512456,26308,11153058,21466,6359398,0,0,0,0,0,0,21916,11262832,10138,3896521,11778,7366311,,,,,,,,,,,,,,,,,,,,,,,,,,
,,,,,,,,,,8587,1587106,8587,1587106,0,0,0,0,0,0,0,0,,,,,,,,,,,,,,,,,,,,,,,,,,
HoloLens2,Total,,Total,69164,22133762,44980,7835526,24184,14298236,0,0,0,0,0,0,24,2160,12,1080,12,1080,,,,,,,,,,,,,,,,,,,,,,,,,,
HoloLens2,Layer 3,,ip,54164,17072937,34929,5246256,19235,11826681,0,0,0,0,0,0,9740,6546729,4107,368825,5633,6177904,,,,,,,,,,,,,,,,,,,,,,,,,,
HoloLens2,Layer 3,,ipv6,15000,5060825,10051,2589270,4949,2471555,3946,323572,3946,323572,0,0,0,0,0,0,0,0,,,,,,,,,,,,,,,,,,,,,,,,,,
HoloLens2,Layer 4,,igmp,5407,292426,5407,292426,0,0,0,0,0,0,0,0,41460,13381769,22921,5262517,18539,8119252,"IGMP: 224.0.0.251,224.0.0.252",,,,,,,,,,,,,,,,,,,,,,,,,
HoloLens2,Layer 4,,udp,12557,1912838,12545,1911758,12,1080,,,,,,,,,,,,,,,,,,,,,,,,,,,,,,,,,,,,,,
HoloLens2,Layer 4,,tcp,51200,19928498,27028,5631342,24172,14297156,3354,1165013,1792,624059,0,0,3354,1165013,1792,624059,1562,540954,,,,,,,,,,,,,,,,,,,,,,,,,,
HoloLens2,Layer 5,,tls,21916,11262832,10138,3896521,11778,7366311,0,0,0,0,0,0,3354,1165013,1792,624059,1562,540954,,,,,,,,,,,,,,,,,,,,,,,,,,
HoloLens2,Layer 7,,mdns,8587,1587106,8587,1587106,0,0,0,0,0,0,0,0,3326,1162493,1778,622799,1548,539694,,,,,,,,,,,,,,,,,,,,,,,,,,
HoloLens2,Layer 7,,ntp,24,2160,12,1080,12,1080,0,0,0,0,0,0,28,2520,14,1260,14,1260,,,,,,,,,,,,,,,,,,,,,,,,,,
HoloLens2,Layer 7,,http,9740,6546729,4107,368825,5633,6177904,0,0,0,0,0,0,1493,962279,736,519242,757,443037,"Connection test, frequently updates certificate trust lists from microsoft, checks cert validity, update files",,,,,,,,,,,,,,,,,,,,,,,,,
HoloLens2,Layer 7,,llmnr,3946,323572,3946,323572,0,0,0,0,0,0,0,0,615,54693,365,29958,250,24735,"Similar to MDNS, being phased out https://techcommunity.microsoft.com/t5/networking-blog/aligning-on-mdns-ramping-down-netbios-name-resolution-and-llmnr/ba-p/3290816",,,,,,,,,,,,,,,,,,,,,,,,,
HoloLens2,Layer 7,,https,41460,13381769,22921,5262517,18539,8119252,0,0,0,0,0,0,28,2520,14,1260,14,1260,,,,,,,,,,,,,,,,,,,,,,,,,,
,,,,,,,,,,0,0,0,0,0,0,2711,1107800,1413,592841,1298,514959,,,,,,,,,,,,,,,,,,,,,,,,,,
MagicLeap,Total,,Total,3354,1165013,1792,624059,1562,540954,,,,,,,,,,,,,,,,,,,,,,,,,,,,,,,,,,,,,,
MagicLeap,Layer 3,,ip,3354,1165013,1792,624059,1562,540954,6385709,4917562261,3750839,932668795,69,3726,6385709,4917562261,3750839,932668795,2634801,3984889740,,,,,,,,,,,,,,,,,,,,,,,,,,
MagicLeap,Layer 4,,tcp,3326,1162493,1778,622799,1548,539694,0,0,0,0,0,0,6382822,4916868494,3749271,932203208,2633551,3984665286,,,,,,,,,,,,,,,,,,,,,,,,,,
MagicLeap,Layer 4,,udp,28,2520,14,1260,14,1260,138,8832,69,5106,69,3726,2749,684935,1499,460481,1250,224454,,,,,,,,,,,,,,,,,,,,,,,,,,
MagicLeap,Layer 5,,tls,1493,962279,736,519242,757,443037,138,8832,69,5106,69,3726,6384137,4917395809,3750053,932584879,2634084,3984810930,,,,,,,,,,,,,,,,,,,,,,,,,,
MagicLeap,Layer 7,,http,615,54693,365,29958,250,24735,0,0,0,0,0,0,1434,157620,717,78810,717,78810,Captive portal / connectivity check every minute,,,,,,,,,,,,,,,,,,,,,,,,,
MagicLeap,Layer 7,,ntp,28,2520,14,1260,14,1260,0,0,0,0,0,0,773426,1059763005,211469,143399025,561957,916363980,,,,,,,,,,,,,,,,,,,,,,,,,,
MagicLeap,Layer 7,,https,2711,1107800,1413,592841,1298,514959,0,0,0,0,0,0,230,28527,115,15195,115,13332,,,,,,,,,,,,,,,,,,,,,,,,,,
,,,,,,,,,,0,0,0,0,0,0,1434,157620,717,78810,717,78810,,,,,,,,,,,,,,,,,,,,,,,,,,
MetaQuest1,Total,,Total,6385709,4917562261,3750839,932668795,2634870,3984893466,0,0,0,0,0,0,6383821,4917360058,3749895,932565642,2633926,3984794416,,,,,,,,,,,,,,,,,,,,,,,,,,
MetaQuest1,Layer 3,,ipv6,6382822,4916868494,3749271,932203208,2633551,3984665286,,,,,,,,,,,,,,,,,,,,,,,,,,,,,,,,,,,,,,
MetaQuest1,Layer 3,,ip,2887,693767,1568,465587,1319,228180,128835,49531065,63962,32616918,18,972,128835,49531065,63962,32616918,64855,16913175,,,,,,,,,,,,,,,,,,,,,,,,,,
MetaQuest1,Layer 4,,tcp,6384275,4917404641,3750122,932589985,2634153,3984814656,0,0,0,0,0,0,124750,48952452,61742,32397490,63008,16554962,,,,,,,,,,,,,,,,,,,,,,,,,,
MetaQuest1,Layer 4,,udp,1434,157620,717,78810,717,78810,36,2376,18,1404,18,972,4049,576237,2202,218024,1847,358213,,,,,,,,,,,,,,,,,,,,,,,,,,
MetaQuest1,Layer 5,,tls,773426,1059763005,211469,143399025,561957,916363980,36,2376,18,1404,18,972,128433,49488549,63761,32595444,64672,16893105,,,,,,,,,,,,,,,,,,,,,,,,,,
MetaQuest1,Layer 7,,http,230,28527,115,15195,115,13332,0,0,0,0,0,0,366,40140,183,20070,183,20070,Captive portal / connectivity check infrequently,,,,,,,,,,,,,,,,,,,,,,,,,
MetaQuest1,Layer 7,,ntp,1434,157620,717,78810,717,78810,0,0,0,0,0,0,45192,21998759,23141,11526474,22051,10472285,,,,,,,,,,,,,,,,,,,,,,,,,,
MetaQuest1,Layer 7,,https,6383821,4917360058,3749895,932565642,2633926,3984794416,0,0,0,0,0,0,366,40140,183,20070,183,20070,,,,,,,,,,,,,,,,,,,,,,,,,,
,,,,,,,,,,0,0,0,0,0,0,60,6294,30,3390,30,2904,,,,,,,,,,,,,,,,,,,,,,,,,,
MetaQuest2,Total,,Total,128835,49531065,63962,32616918,64873,16914147,0,0,0,0,0,0,128361,49481223,63725,32591466,64636,16889757,,,,,,,,,,,,,,,,,,,,,,,,,,
MetaQuest2,Layer 3,,ipv6,124750,48952452,61742,32397490,63008,16554962,,,,,,,,,,,,,,,,,,,,,,,,,,,,,,,,,,,,,,
MetaQuest2,Layer 3,,ip,4085,578613,2220,219428,1865,359185,187994,22267909,165618,19595850,0,0,187994,22267909,165618,19595850,22376,2672059,,,,,,,,,,,,,,,,,,,,,,,,,,
MetaQuest2,Layer 4,,tcp,128469,49490925,63779,32596848,64690,16894077,122804,14859284,122804,14859284,0,0,65190,7408625,42814,4736566,22376,2672059,,,,,,,,,,,,,,,,,,,,,,,,,,
MetaQuest2,Layer 4,,udp,366,40140,183,20070,183,20070,0,0,0,0,0,0,65190,7408625,42814,4736566,22376,2672059,,,,,,,,,,,,,,,,,,,,,,,,,,
MetaQuest2,Layer 5,,tls,45192,21998759,23141,11526474,22051,10472285,122804,14859284,122804,14859284,0,0,0,0,0,0,0,0,,,,,,,,,,,,,,,,,,,,,,,,,,
MetaQuest2,Layer 7,,ntp,366,40140,183,20070,183,20070,0,0,0,0,0,0,42356,5773925,21177,3241372,21179,2532553,,,,,,,,,,,,,,,,,,,,,,,,,,
MetaQuest2,Layer 7,,http,60,6294,30,3390,30,2904,122804,14859284,122804,14859284,0,0,0,0,0,0,0,0,Captive portal / connectivity check every 12 hours,,,,,,,,,,,,,,,,,,,,,,,,,
MetaQuest2,Layer 7,,https,128361,49481223,63725,32591466,64636,16889757,0,0,0,0,0,0,63303,6825885,41650,4557038,21653,2268847,,,,,,,,,,,,,,,,,,,,,,,,,,
,,,,,,,,,,0,0,0,0,0,0,1887,582740,1164,179528,723,403212,,,,,,,,,,,,,,,,,,,,,,,,,,
Roborock,Total,,Total,187994,22267909,165618,19595850,22376,2672059,,,,,,,,,,,,,,,,,,,,,,,,,,,,,,,,,,,,,,
Roborock,Layer 3,,ip,187994,22267909,165618,19595850,22376,2672059,,,,,,,,,,,,,,,,,,,,,,,,,,,,,,,,,,,,,,
Roborock,Layer 4,,tcp,65190,7408625,42814,4736566,22376,2672059,,,,,,,,,,,,,,,,,,,,,,,,,,,,,,,,,,,,,,
Roborock,Layer 4,,udp,122804,14859284,122804,14859284,0,0,,,,,,,,,,,,,,,,,,,,,,,,,,,,,,,,,,,,,,
Roborock,Layer 5,,tls,42356,5773925,21177,3241372,21179,2532553,,,,,,,,,,,,,,,,,,,,,,,,,,,,,,,,,,,,,,
Roborock,Layer 7,,58866,122804,14859284,122804,14859284,0,0,,,,,,,,,,,,,Integration with home assistants,,,,,,,,,,,,,,,,,,,,,,,,,
Roborock,Layer 7,,secure-mqtt,63303,6825885,41650,4557038,21653,2268847,,,,,,,,,,,,,,,,,,,,,,,,,,,,,,,,,,,,,,
Roborock,Layer 7,,https,1887,582740,1164,179528,723,403212,,,,,,,,,,,,,,,,,,,,,,,,,,,,,,,,,,,,,,
